content_id,video_title,publish_date,duration_sec,avg_view_duration,avg_perct_viewed,subs_gained,subs_lost,likes,comments,views,watch_time_hrs,subscribers,impressions,ctr,conversion_rate,month_year,engagement_rate
lJ_t4-04vIU,Do you eat Appam everyday? B'coz its delicious!!#shorts #shortsfood#appam #southindianfood,2024-09-21,15.0,15.0,104.85,1867,303,50144,68,2876998,11400.9359,1564,5893112,4.93,0.0648940319040889,2024-09,1.75
5XPm8BWaU2w,Alia Bhatt And Gal Gadot had this same craving to eat🤩🥪 #aliabhatt #galgadot #sandwich #shorts,2024-11-24,30.0,23.0,77.07,1336,341,28682,45,1575327,10106.8591,995,1757274,7.8,0.0848077891129905,2024-11,1.82
lnGSJO9ewqI,Fast relief from Period Pain#beerbiceps #trs #periodpain #ayurveda #shorts,2024-12-13,34.0,21.0,61.9,909,39,7710,4,476393,2780.039,870,38244,3.24,0.1908088489965217,2024-12,1.62
6JAk6ZDhaks,Benefits of eating Bajra #healthierecipes24 #shorts #bajraroti,2025-01-16,59.0,35.0,59.9,634,8,3713,13,288780,2491.9118,626,442707,8.7,0.2195442897707597,2025-01,1.29
KOg4ZBO2aYs,"Parineeti or Raghav, who likes Paratha??#shorts #raghavchadha #aapkiadalat #parineetichopra",2024-12-08,61.0,27.0,45.59,90,10,474,1,49751,381.9328,80,29098,4.9,0.1809008864143434,2024-12,0.95
Nxim5_yApXc,Raj Thackeray's Most favourite Vada😋✨👌🏻 #sabudanavada #shorts #viralvideo #food #rajthackeray,2024-11-19,44.0,25.0,59.06,64,0,354,1,39595,283.7245,64,7611,5.16,0.1616365702740245,2024-11,0.9
ZiIDnwPS24c,Megastar Chiranjeevi’s Veg Treat for Keerthy!#shorts #vegfood #southindianfood #shortsfeed,2024-11-25,35.0,27.0,78.93,49,0,661,2,32369,244.2979,49,28915,2.29,0.1513794062220025,2024-11,2.05
nyItwEF_2bc,Benefits of eating Raw Banana💚#healthierecipes24 #rawbananarecipe #food,2025-03-13,64.0,46.0,72.95,57,0,585,3,48674,426.208,57,196060,10.58,0.1171056416156469,2025-03,1.21
OdwuSPylSyg,Abs are made in the kitchen🏋🏻‍♂️👨🏻‍🍳#shorts #fitness #healthierecipes24 #bajraroti,2025-01-21,55.0,28.0,51.39,42,3,156,0,25225,196.6493,39,4974,4.3,0.1665014866204162,2025-01,0.62
6wuXx2UMls4,Celebrities that love Bengali Puchka/Fuchka #healthierecipes24 #puchka#bollywood,2025-03-04,59.0,39.0,67.06,20,1,631,4,23583,243.0377,19,15249,7.38,0.0848068523936734,2025-03,2.69
3Q5N9tXAqcM,Paan Banaraswala🔥🍃✨ #kbc #shorts #food #amitabhbachchan #paan,2024-06-24,35.0,28.0,81.35,19,1,477,0,20186,158.1531,18,4586,3.23,0.0941246408401862,2024-06,2.36
Mku1DEZN4LM,Wamiqa Gabbi & Rajkumar Rao love maggi🍜 #healthierecipes24,2025-05-24,40.0,27.0,69.6,21,0,257,1,34465,151.6504,21,7993,7.39,0.0609313796605251,2025-05,0.75
eAH4bcrqzCM,✨Bhaji with Jackie Shroff & Farah Khan✨#healthierecipes24 #pattokibhaji #food,2025-10-30,60.0,39.0,66.54,17,0,476,0,30716,208.7622,17,18434,8.99,0.0553457481442896,2025-10,1.55
51m1H0JiCMI,Rodies Prince makes paratha♥️✨ #healthierecipes24 #paratha #yuvikachaudhary #princenarula,2025-03-24,60.0,34.0,57.33,15,3,370,1,18411,169.1408,12,5992,4.31,0.0814730324262669,2025-03,2.02
eJusIuE6QNE,Homemade Cashews!#healthierecipes24 #why #food #cashew,2025-03-28,60.0,41.0,69.38,26,4,569,9,19090,183.8177,22,5406,2.0,0.1361969617600838,2025-03,3.03
uYSLIR9GHgQ,Gud Ghee Roti😋✨#short #shortsyoutube #food #bollywood,2024-06-20,8.0,11.0,146.73,17,0,86,0,15369,47.8433,17,6873,3.56,0.1106122714555273,2024-06,0.56
_YPraqTYbjw,Janvi Kapoor's Monsoon favourite🔥😋#shorts #janvikapoor #southfood monsoon special,2024-07-24,24.0,20.0,84.62,9,1,245,0,12663,70.7515,8,5377,5.9,0.0710732054015636,2024-07,1.93
qw4Ylq93Zns,Aishwarys Rai shares memory of making paranthe #food#parantha #aishwaryaraibachchan,2024-12-04,43.0,18.0,42.16,20,0,59,1,12293,61.3848,20,4599,4.76,0.1626942162206133,2024-12,0.49
tZCxHieZE0s,Khushi Kapoor likes eating Appam with coconut milk ✨#healthierecipes24 #shorts #khushikapoor,2025-01-28,55.0,25.0,45.68,10,0,159,0,12174,83.838,10,10128,4.85,0.0821422704123542,2025-01,1.31
8z8QCuAjNwc,✨Ananya Pandey is Cheese Cheese person🧀#shorts#ananyapandey#dosa#ytshorts#healthierecipes24,2024-09-19,33.0,14.0,43.74,19,1,82,0,11202,44.1448,18,18208,2.59,0.1696125691840742,2024-09,0.73
GwgV861FMGM,Gym Coach Nitesh's workout tip#shorts#shortsfeed#shortsviral#workout@theniteshfitnessempire85,2024-07-07,20.0,23.0,118.45,30,3,762,3,12512,73.905,27,1645,2.67,0.239769820971867,2024-07,6.11
r08sjZqTggg,Vicky kaushal's fav Gud ki Lassi✨😋#shorts #vickykaushal #food #lassi #shortsfeed #trending #viral,2024-07-01,18.0,16.0,90.31,10,0,203,0,10742,47.9113,10,2803,5.67,0.0930925339787749,2024-07,1.89
C7lFlmbuRI0,Rajkumar Rao's Childhood favourite Cheeni ka paratha #paratha#sugar #shortsvideo#shortsviral#shorts,2024-07-05,31.0,25.0,83.46,8,1,121,2,10626,75.7022,7,1337,3.59,0.0752870318087709,2024-07,1.16
IZtfsOxMvRs,Alia Bhat's favourite recipe#healthierecipes24 #aliabhatt #shorts,2025-04-09,56.0,36.0,64.76,9,0,271,1,16891,108.6777,9,3024,2.74,0.0532828133325439,2025-04,1.61
xRYFUOyno8A,Sai Pallavi's Favourite Kerala Dish #pazhampori #keralafood #saipallavi #pazhamporirecipe#shorts,2024-11-06,21.0,16.0,76.4,8,0,82,0,11002,46.9191,8,26361,2.86,0.0727140519905471,2024-11,0.75
a2VziN6s9Kw,Kareena Kapoor's favourite Khichdi & achar😋🤌🏻#shorts #shortsfeed #shortsviral #food #bollywood,2024-07-06,34.0,24.0,71.24,14,0,125,0,10495,70.2764,14,2618,4.28,0.1333968556455455,2024-07,1.19
z8zAf2vmIOg,Ranbir Kapoor loves Bhajiya Pav😋✨ #bollywood #ranbirkapoor#food#pav #bajji #shorts #shortsfeed,2024-07-13,18.0,15.0,87.97,7,1,209,2,9961,43.3202,6,3281,3.35,0.0702740688685874,2024-07,2.12
LuIEesVTHX0,Janhavi's fav tadke wala dahi✨ #dahitadka #shortsviral #janhavikapoor,2024-08-22,19.0,18.0,96.31,8,4,381,0,9812,49.537,4,1886,4.4,0.0815328169588259,2024-08,3.88
 -l3YwAw5D6w,Simple Dal Chawal ✨🌼#rohitsharma rohit sharma #cricket #food #favoritefood #shortsfeed #shorts,2024-07-01,18.0,17.0,96.59,7,0,301,1,9505,45.7023,7,1107,2.53,0.0736454497632824,2024-07,3.18
k88p4_1mU_w,Curd rice✨🍚 #healthierecipes24 #curdrice #foodvlog #shorts #shortsviral #food Orry's fav curd rice,2024-06-19,19.0,16.0,87.97,3,0,128,1,9324,43.0661,3,1501,1.33,0.0321750321750321,2024-06,1.38
Xr-zBFxddug,R Madhavan's favourite Vada✨🔥#healthierecipes24 #rmadhavan #vada #shorts #food,2025-02-17,59.0,33.0,57.26,9,1,137,2,9069,84.7166,8,2367,4.69,0.0992391663910023,2025-02,1.53
xAPix_TMbG4,Nitin Gadkari's favorite dish! #nitingadkari #foodie #recipe #shorts #short #healthierecipes24,2024-08-07,35.0,27.0,78.56,9,0,130,0,8866,67.1606,9,5176,2.11,0.1015113918339724,2024-08,1.47
_HD_MMPJW3k,Keerthy Suresh loves only DOSA🥰🔥✨ #tamil #cinema #tamilstar #keerthysuresh #shorts,2024-11-16,42.0,23.0,55.94,15,1,156,0,8566,55.5968,14,4488,2.09,0.1751109035722624,2024-11,1.82
AzcZqkjgaAg,Ranveer Allahbadia tries khotte idli #beerbiceps #ranveerallahbadia #mysorecafe #shorts #food,2024-11-08,40.0,18.0,46.82,6,0,67,3,8873,45.2206,6,34986,4.55,0.0676208723092527,2024-11,0.79
QCV9_MOZ8F8,Janhavi Kapoor's loves Mawa parantha#shorts #janhavikapoor #curlytales #ytrecipe,2024-09-29,26.0,18.0,70.53,10,2,85,0,7937,39.7161,8,7854,4.43,0.1259921884843139,2024-09,1.07
N_kUQGFgMk4,Malaika Arora's Favorite Thai Curry and rice #thaicurry #malaikaarora #food #shorts,2024-12-22,39.0,16.0,41.85,7,2,59,0,7785,34.4451,5,7200,4.65,0.0899165061014772,2024-12,0.76
RgNZRHUqs_M,This is Virat Kohli's Comfort food✨ What's yours?😋 #shorts#viratkohli,2024-07-12,49.0,29.0,60.87,3,0,191,2,7655,63.2356,3,2978,6.21,0.039190071848465,2024-07,2.52
BA0xJ6uHN1o,Pani Puri is the winner🥇#panipuri #healthierecipes24 #chefsanjeevkapoor,2025-03-22,27.0,22.0,83.0,5,1,67,0,7838,47.4325,4,802,5.49,0.0637917836182699,2025-03,0.85
Tk9M2mihXdA,Actor Avneet Kaur Love Kacchi Kairi! #healthierecipes24 #avneetkaur #shorts,2025-04-13,36.0,23.0,64.94,5,1,55,0,14639,49.0118,4,13758,1.42,0.0341553384794043,2025-04,0.38
VSOuLAkVS-M,✨How to toast Sesame🤍 #sesame #seeds #tipsandtricks #food #howto,2024-03-19,40.0,29.0,74.15,10,1,92,3,10197,60.8611,9,49829,9.34,0.0980680592331077,2024-03,0.93
1qQ8Hn8n4sc,Tasty Instant idli|Idli History🍛#idli#healthierecipes24#shortsinstanttastyyummyfood vlog,2024-06-17,44.0,23.0,54.41,6,1,101,0,6629,43.8249,5,15950,0.8,0.0905113893498265,2024-06,1.52
SSsk9EFzPCc,Neha Kakkar's love for bread and jam✨🤩#nehakakkar #shorts #breadjam #indianidol,2024-11-26,20.0,15.0,78.36,11,0,51,0,6444,27.6795,11,4993,2.3,0.1707014276846679,2024-11,0.79
YOE5BSeMOIQ,Shruti Hassan's recipe of Thakkali thokku#healthierecipes24 #shrutihaasan #recipe #shorts,2025-08-16,60.0,30.0,51.55,3,1,58,0,10632,56.7116,2,7667,5.88,0.028216704288939,2025-08,0.55
bZP1lrXpZAo,Modi Ji's Millets Solution: Combatting Malnutrition Made Simple!✨#narendramodi #millets#shortsvideo,2024-08-08,61.0,35.0,58.65,8,0,175,2,8085,63.1416,8,43753,6.98,0.0989486703772418,2024-08,2.19
hAyOL6IUrog,✨🔥Legendary Rekha Ji on Kapil Show😍#dalfulka #dalroti #thegreatindiankapilshow #rekha #shorts,2024-12-10,23.0,16.0,69.81,6,0,37,0,5942,26.291,6,4310,2.92,0.1009761023224503,2024-12,0.62
jyGdokDEcmY,Actor R.Mahadevan has this nutritious breakfast✨ #bollywood #food#kanji#breakfast#nutrition,2024-07-14,32.0,14.0,46.7,3,0,39,0,5908,24.0765,3,2397,4.13,0.0507786052809749,2024-07,0.66
1Yv_64GIFXY,Kajol's favourite Malai rice✨🍚😋#food #malai #rice #kajol viral shorts shortsfeed food vlog #trending,2024-07-01,22.0,17.0,79.27,7,1,72,0,5850,27.8353,6,3140,6.88,0.1196581196581196,2024-07,1.23
_QMuL1ryNa8,ROTIZZA RECIPE🔥🍕✨#rotizza #neenagupta #kareenakapoorkhan #recipe #shorts,2024-11-22,61.0,31.0,51.34,4,0,88,1,5701,49.3981,4,7026,1.67,0.0701631292755657,2024-11,1.56
4P3Yuisu9X4,Discover Shahid Kapoor's Love for South Indian Utthappam!#shorts #shotsfeed #shahidkapoor,2024-07-26,18.0,11.0,66.5,5,0,46,1,5695,18.8567,5,1444,1.25,0.0877963125548726,2024-07,0.83
U52LMlZPzSI,"Yami Gautam's love for ""Chamba Ka Rajma""✨#yamigautam #chambakarajma #shorts #food #foryou",2024-11-10,44.0,13.0,30.17,13,1,31,0,5259,19.3045,12,2810,2.92,0.2471952842745769,2024-11,0.59
6ll1sZYsMwc,Jackie Shroff's Special Chai recipe#jackieshroff#food#shorts #ytshorts#chai #tea,2024-09-18,30.0,21.0,70.57,10,1,114,0,7001,31.8752,9,16783,7.89,0.142836737608913,2024-09,1.63
YaOAxAfvbPQ,R Madhavan's favourite breakfast ✨🤌🏻#shorts #rmadhavan #food #kuzhipaniyaram,2024-09-22,28.0,19.0,68.39,3,0,100,0,5238,27.2389,3,7646,4.67,0.0572737686139748,2024-09,1.91
HV9Xq3lYTyw,Diljit's Favourite Poha😋✨Kanda poha#favoritefood #shorts#shortsfeed#foodvlogdaily vlogtasty,2024-06-18,30.0,18.0,60.59,8,1,59,0,5041,25.287,7,1951,2.41,0.1586986708986312,2024-06,1.17
j2P6x8yqeXo,The 'OG' Modak♥️✨|Ukdiche Modak#ukdichemodak #ganpati#shorts,2024-09-06,60.0,32.0,54.61,11,1,173,3,5217,47.3704,10,69052,3.79,0.2108491470193597,2024-09,3.37
16knySwwc4Y,Nitin Gadakari's Vangi Potato sabji #food #easyrecipe #nitingadkari,2024-08-25,41.0,20.0,50.03,5,0,70,3,4704,26.5994,5,2724,2.42,0.1062925170068027,2024-08,1.55
GToSa0RDSZE,90's Movie: Bombay to Goa✨#pakoda #shorts #shortsviral #trending#movies,2024-07-02,61.0,33.0,55.37,10,2,79,1,7843,47.2966,8,89500,2.85,0.1275022312890475,2024-07,1.02
hjyFObTpY3A,Kitchen tip: How to preserve Banana leaf✨#food#kitchentips #shorts #shortsvideo,2024-09-28,27.0,24.0,90.0,8,2,43,1,4832,29.4759,6,5116,5.81,0.1655629139072847,2024-09,0.91
olcwlPfIge0,Easy Recipe for Batatyacha Thalipeeth#rajthackeray #batatathalipeeth #shorts #viralvideo,2024-11-20,55.0,19.0,36.2,6,1,56,1,5218,26.8085,5,21342,10.82,0.1149865848984285,2024-11,1.09
AG9ROau9RZs,✨Kissik star Sreeleela's favourite Paneer Mandi✨🔥#sreeleela #food #pushpa2 #shorts #viralvideo,2024-12-07,47.0,19.0,41.52,9,2,80,1,4538,23.7211,7,52009,2.94,0.1983252534156016,2024-12,1.78
atsfAjoRFZY,👨🏻‍🍳Chef Vikas Khanna loves Fresh Sriracha🔥🌶️#sriracha #food #vikaskhanna #shortsfeed,2024-08-20,28.0,19.0,69.6,3,0,83,2,4144,22.1783,3,2113,3.41,0.0723938223938223,2024-08,2.05
KKc6gPrFjNk,Ganpati bappa's Prasad Thali🙏🏻✨#naivedya #food #ganeshchaturthi #ytshorts #shorts,2024-09-07,53.0,29.0,54.74,4,0,70,1,5409,34.8515,4,62361,3.14,0.0739508227029025,2024-09,1.31
5BZKhFkQutk,This is why SRK is the Coolest Dad😎✨#shahrukh #srk #shorts #risotto #kingkhan,2024-11-10,48.0,19.0,39.7,2,0,42,0,3840,20.1958,2,3482,2.24,0.0520833333333333,2024-11,1.09
H22bs91h1Tk,Actor Shraddha Kapoor eats this for breakfast✨ #shorts #food #ytshots #viralshorts,2024-07-29,31.0,17.0,56.32,6,0,42,0,3923,18.7225,6,862,3.71,0.1529441753759877,2024-07,1.07
gxeY9zQH7fE,🥵🔥Korean Cheese Ramen 🧀 🍜 #shorts #youtubeshorts #topramen #asmr,2024-08-17,44.0,25.0,57.01,9,1,122,2,3723,25.928,8,3313,3.26,0.24174053182917,2024-08,3.33
9ePAaHG41vk,This Gujarati Dish is loved by all✨🥰#food #daldhokli#comfortfood#fyp#shorts#shortsfeed,2024-07-08,61.0,34.0,56.83,5,0,53,0,3351,30.3587,5,37198,3.77,0.1492091912861832,2024-07,1.58
446s0luJyaM,😋Ram Ke Laddu✨#shorts#streetfood#asmr#asmrcooking#food,2024-09-24,60.0,36.0,61.48,6,0,40,3,3077,31.4287,6,2486,2.33,0.1949951251218719,2024-09,1.4
bONerQba718,Raghav's favorite Haridwar kadhi chawal #shorts #kadhipakora #raghavjuyal #curlytales #viralvideo,2024-12-02,48.0,18.0,38.6,3,0,32,0,3213,15.802,3,5204,3.13,0.0933706816059757,2024-12,1.0
RMJuD36pybE,Nitin Gadkari's Favourite Fried Mirchi side dish🌶️#shorts #nitingadkari #food #viral #trending,2024-07-16,26.0,22.0,84.95,7,0,56,0,3138,18.2154,7,3504,4.28,0.2230720203951561,2024-07,1.78
4xvdb0H3_Cs,✨Solkadhi❌Soul kadhi😌🤌🏻#food #solkadhi #tastyfood #ashabhosle #shortsfeed,2024-10-02,55.0,25.0,46.83,3,0,46,0,3021,21.2626,3,1393,2.73,0.0993048659384309,2024-10,1.52
5gBovlYhBFg,Chef Ranveer's Heirloom dish#shorts #churi #ranveerbrar #kareenakapoorkhan #recipe,2024-12-01,61.0,29.0,48.21,0,0,43,0,2949,23.9381,0,3533,2.72,0.0,2024-12,1.46
8Fnc-cZSTgw,CM Eknath Shinde loves Misal🔥✨#shorts #eknathshinde #misalpav #shortsvideo,2024-08-27,27.0,21.0,78.22,5,0,66,0,3346,17.1086,5,6186,5.97,0.1494321578003586,2024-08,1.97
pkcvZISq9wA,Have You tried Sunset rice? #kritisanon #kartikaaryan #viralvideo #sunsetrice #shorts,2024-12-27,32.0,16.0,51.29,4,0,42,0,3460,13.3225,4,3319,3.4,0.1156069364161849,2024-12,1.21
M7QgMhZZ3pc,Sudha Murthy learned to cook this for Murthy sir😱 #food #recipe #shorts #shortsviral,2024-11-17,58.0,21.0,37.66,8,0,45,2,3251,17.2207,8,12120,3.47,0.2460781298062135,2024-11,1.45
7Qg8bof28ik,Yumm Chapati Laddu#leftover#chapati#laddu #youtubeshorts #shorts#5minsrecipe #easyrecipe,2023-12-27,25.0,18.0,72.46,7,0,48,0,2682,13.3579,7,4602,2.24,0.2609992542878449,2023-12,1.79
bD-X6IpupRQ,Smokey Bliss ✨😋#bainganbharta #eggplant #indian #food #shorts,2024-01-15,41.0,23.0,56.14,5,0,43,0,2525,16.126,5,436,2.06,0.198019801980198,2024-01,1.7
X8aMHr9dV7g,Rava Besan laddu✨ #laddu #food #short #shorts #recipe #dailyvlog #rava #besan #fypシ,2024-06-07,55.0,24.0,44.58,8,0,49,0,2556,17.336,8,1550,1.55,0.3129890453834116,2024-06,1.92
_-5OXw6FayU,This Rasam recipe will blow your mind#tomato#recipe#rasam #rasammasala   #shorts#viral#trending,2024-01-10,39.0,20.0,53.54,6,2,52,0,2508,14.5243,4,501,3.39,0.2392344497607655,2024-01,2.07
5JVEx_pReGQ,When food is your Love language✨♥️🥰#healthierecipes24 #love #food #shortsviral,2025-02-23,11.0,12.0,111.8,2,0,77,3,2647,8.5928,2,2460,2.64,0.0755572346052134,2025-02,3.02
tf8gfeWUNh8,Sara Tendulkar's Fav Cheese Dosa #healthierecipes24 #saratendulkar #food #cheesedosa #shorts,2025-10-31,51.0,23.0,45.91,0,0,31,0,3929,16.5862,0,1109,5.68,0.0,2025-10,0.79
vgoVCbrXlHI,Janhvi Kapoor 'sViral Chilla #janhvikapoor#moongchilla #shortsfeedcelebrity food recipes,2024-07-31,52.0,22.0,42.59,2,0,31,1,2374,14.5305,2,695,4.32,0.08424599831508,2024-07,1.35
IjwRAECWxAY,Alia's pink salad 🥗♥️✨#beetroot #aliabhatt #salad #shorts #shortsviral,2024-07-03,21.0,17.0,81.59,2,1,21,0,2278,10.7319,1,489,2.86,0.0877963125548726,2024-07,0.92
Fdhsvnx2cqI,South Star Kajal Agarwal loves 🍄Karchikai😋#kajalagarwal #shorts #southindianactress #food,2024-11-05,51.0,21.0,42.52,3,1,50,0,2371,13.6911,2,6124,2.51,0.1265288907633909,2024-11,2.11
v1AWK2Ts2js,Shree Ganeshaya Namah! #song #ganeshchaturthi #ukdichemodakrecipe #modak #healthierecipes24,2025-08-27,53.0,30.0,57.97,11,0,74,0,4249,19.1245,11,740,1.62,0.2588844433984467,2025-08,1.74
jUP0i4soDGI,Cheese Dosa ✨#healthierecipes24 #easyrecipe #cheesedosa #shorts,2025-11-06,60.0,34.0,57.93,2,0,35,0,4488,21.4805,2,765,3.66,0.0445632798573975,2025-11,0.78
79C8TMMVxzY,Homemade Natural Sweetener #healthierecipes24 #naturalsweeteners,2025-04-02,35.0,17.0,49.77,1,0,15,0,3838,10.9189,1,510,4.31,0.0260552371026576,2025-04,0.39
2chXbJlARYo,Quickest RAW Tomato Chutney ✨#shorts #raw #tomatochutney,2024-01-14,13.0,13.0,100.19,3,0,20,0,2112,7.4799,3,1509,3.18,0.1420454545454545,2024-01,0.95
rOlknc2BMq8,🤔Would Parmish Verma like to eat this?✨#food #parmishverma#parleg,2024-10-01,16.0,13.0,85.28,6,1,25,0,2117,7.764,5,3175,3.37,0.2834199338686821,2024-10,1.18
NaE_EBNFPuA,I tried squid games-2 ramen!#healthierecipes24 #koreanramen #knorr,2025-04-12,27.0,17.0,64.93,2,0,16,0,3988,10.659,2,1459,4.87,0.0501504513540621,2025-04,0.4
gFrSNhDtlkM,How to keep METHI FRESH and green✨☘️💚#shorts #kitchentips #tipsandtricks #leafy #methi #fenugreek,2024-02-08,22.0,21.0,99.89,6,1,18,0,2662,12.0711,5,20260,4.18,0.2253944402704733,2024-02,0.68
GrOhZdwyp9s,✨Vijay Devarakonda Tries punjabi food✨#shorts #healthierecipes24 #vijaydevarakonda,2025-01-17,59.0,28.0,48.85,1,1,25,0,1837,14.5221,0,2420,5.04,0.0544365813826891,2025-01,1.36
GLlbopHfwaQ,Don't Skip this Chutney Recipe#onion#chutney#shorts#youtubeshorts,2024-01-02,24.0,17.0,73.82,7,0,45,0,1855,9.0874,7,544,4.6,0.3773584905660377,2024-01,2.43
VTBBlbvYWQk,Prasad Thali✨🛕#shorts #prasad #rammandir  #lordrama #ayodhya #trending,2024-01-22,58.0,25.0,43.32,4,0,35,0,1809,12.3233,4,2534,1.54,0.2211166390270867,2024-01,1.93
qJQNhe_nHyg,Chocolate covered strawberries#healthierecipes24  #food #chocolate #strawberries #shorts,2025-01-19,31.0,19.0,61.65,3,0,43,1,1757,9.2643,3,2185,1.56,0.1707455890722823,2025-01,2.5
T47OhylEFQ0,🔥Actor Sharvari Wagh's easy Homemade drink recipe🍹✨ #food #sharvariwagh #easyrecipe #bollywoodactor,2024-09-02,24.0,17.0,72.5,1,0,38,1,1823,8.3456,1,13618,4.54,0.0548546352166758,2024-09,2.14
66XLrqHr9fs,Sudha Murthy Loves PULIOGARE rice #puliogare #foodie #rice #recipe#shorts#healthierecipes24,2024-11-18,22.0,15.0,70.7,1,0,24,0,1690,7.0775,1,2155,2.6,0.0591715976331361,2024-11,1.42
ci0M3QY7gYA,Pitru Paksha Prasad Laddu #ravaladdu #shorts #food #recipe #pitrupaksha2024,2024-09-26,59.0,28.0,48.54,1,0,25,1,1681,13.0895,1,3517,2.02,0.0594883997620464,2024-09,1.55
cBotvAiO458,🥟🥥Easy Steamed Kadubu✨#shorts #kadubu #steamed #ganesh #chaturthi,2024-09-08,54.0,27.0,50.68,0,0,30,0,2051,12.5415,0,18527,3.76,0.0,2024-09,1.46
xG7zRRdLZFM,Nita Ambani Relishes Kashi's Famous Palak Patta Chaat#nitaambani#ambani #chaat#food#healthierecipes,2024-08-01,40.0,18.0,46.25,1,0,25,0,1593,7.9643,1,1340,3.66,0.0627746390458254,2024-08,1.57
Xb-qJE3UIAc,Benefits of eating Radish#healthierecipes24 #radish #food #viralvideo #shorts,2025-02-05,55.0,33.0,60.35,3,0,45,0,1963,14.4009,3,6105,5.13,0.1528273051451859,2025-02,2.29
fnJPDW38U64,Healthy Sprouts salad 🥗✨#shorts #johnabraham #sproutssalad #shortsvideo #viralvideo,2024-11-21,45.0,18.0,41.23,2,1,20,1,1433,7.2799,1,3927,2.37,0.1395673412421493,2024-11,1.47
RiocQJXuTEo,✨Tripti Dimri's fav Garhwali food|This is so yummy😋✨🍛#food #cooking #recipe #triptidimri #shorts,2024-10-18,50.0,29.0,58.18,3,0,38,0,1729,11.576,3,14923,3.33,0.1735106998264893,2024-10,2.2
5rmDsbAocPs,♥️South Star Keerti Suresh's green juice Recipe✨#shorts #keerthysuresh #southindian #skin,2024-10-26,27.0,22.0,82.07,1,0,49,0,1660,8.9244,1,9205,4.32,0.0602409638554216,2024-10,2.95
e0v8ZTsYn1M,Spinach Pockets ✨#healthierecipes24 #palak #palakpockets #recipe #shorts #spinachpockets,2025-12-01,60.0,34.0,58.14,2,0,61,2,3196,14.3445,2,1596,2.57,0.0625782227784731,2025-12,1.97
_kp7NQ5NP8c,Title Says it all #belagavi #baobuns #food #healthierecipes24 #shorts,2025-08-26,60.0,27.0,45.96,4,0,33,0,2701,10.8688,4,3087,1.04,0.1480932987782303,2025-08,1.22
z2zYku_R-k0,Why SRK is the Coolest Man Alive#shorts,2024-11-04,22.0,16.0,74.62,0,0,16,0,1308,5.8752,0,5911,2.28,0.0,2024-11,1.22
ZMvl0TF4614,Healthy benefits of Tomato #shorts #tomato #food #healthyfood,2024-12-17,33.0,22.0,67.85,0,0,21,0,1307,7.9033,0,2446,2.58,0.0,2024-12,1.61
_3ig8q7h5FE,Gukesh is the youngest World Chess Champion#gukesh #chess #worldchesschampionship #food,2024-12-23,32.0,16.0,50.53,2,0,30,0,1395,5.8414,2,3756,4.5,0.1433691756272401,2024-12,2.15
VStwS4-PKBY,🇮🇳Tricolour Simple Recipe🇮🇳#republicday #jaihind #healthierecipes24 #tricolor #shorts,2025-01-24,30.0,11.0,37.37,1,0,17,0,1251,3.8726,1,2285,2.14,0.0799360511590727,2025-01,1.36
TL7b5My1Z8g,Vivek Oberoi and his Dubai life #vivekoberoi #dubai #bisibelebath #shorts,2024-12-14,60.0,22.0,37.23,3,0,21,0,1298,7.7478,3,3756,4.42,0.2311248073959938,2024-12,1.62
bPyPY2Me58w,Kartik Aryan can eat Chole bhature all day😋🔥 #food #kartikaaryan #shortsvideo  #shorts,2024-10-23,15.0,13.0,88.83,1,0,31,0,1993,5.0021,1,8577,5.06,0.0501756146512794,2024-10,1.56
f-yX8nOIFQc,Flaxseeds dry chutney ✨#shorts  #food flaxseeds chutney powder alsi ki chutney recipe,2024-01-17,47.0,28.0,60.92,8,0,21,0,1317,10.1874,8,8604,3.51,0.6074411541381929,2024-01,1.59
XUmvdfKBme4,Kamala Harris cooks dosa✨🔥#shorts#kamalaharris #mindykaling#masaladosa,2024-07-25,39.0,21.0,54.95,1,1,28,1,1235,6.9435,0,12233,2.35,0.0809716599190283,2024-07,2.35
jD5kS-PavDs,Yellow chutney with Spongy dhokla#healthierecipes24 #shorts #yellowchutney,2025-12-13,59.0,29.0,49.38,1,0,36,2,2271,9.5898,1,587,3.24,0.0440334654337296,2025-12,1.67
qD3UDmqRwLo,make dry fruits at home#healthierecipes24 #shorts,2025-04-07,68.0,42.0,62.84,0,0,36,0,2103,13.0625,0,6141,3.44,0.0,2025-04,1.71
vnL3pJFZkUc,Malaika Arora eats food in a bowl✨#healthierecipes24 #shorts,2025-03-15,50.0,19.0,39.06,1,0,19,0,1087,5.6936,1,2633,5.28,0.0919963201471941,2025-03,1.75
J7OjJZXvOG0,"Shaheer Sheikh "" #dopatti "" movie star loves to eat.....    #shortvideo #food #rajmachawal",2024-11-07,10.0,9.0,99.36,1,0,24,0,1357,3.0494,1,5983,5.2,0.0736919675755342,2024-11,1.77
gimTJNyKGVM,Shalini Passi is Truly the Queen! #shalinipassi #food #soup #healthierecipes24 #shorts,2024-12-16,52.0,18.0,34.64,3,1,18,0,1046,5.1496,2,2437,5.09,0.2868068833652007,2024-12,1.72
1meLQx2MTRQ,Chashni puri✨ #rakshabandhan  #puri #food #recipe #shortsfeed,2024-08-09,59.0,28.0,47.51,4,0,14,1,1024,7.9363,4,2639,0.68,0.390625,2024-08,1.46
2EQV2COxfao,The Untold Story of Mukesh Ambani and Bhajiya#ambani #shorts ambani wedding,2024-07-16,49.0,20.0,42.81,2,0,19,0,1049,6.0186,2,2044,5.82,0.1906577693040991,2024-07,1.81
5Wm1WC8HPes,Navratri Vrat Thali #vratthali #navratrispecial #food #recipe #easythali #shorts #ytshorts,2024-09-20,50.0,22.0,45.1,4,0,28,0,1053,6.4889,4,9275,3.87,0.3798670465337132,2024-09,2.66
c578WMYsLBs,KGF Star YASH loves Puliyogare #kgf #melkote #puliogare #rockingstaryash #shorts,2024-12-11,61.0,23.0,38.93,0,0,16,0,1067,6.4752,0,4901,2.57,0.0,2024-12,1.5
JJc_V-Wchy0,😳Vidya Balan's favourite South Indian dish#vidyabalan #bollywood #southindian #shorts#shortvideo,2024-07-13,41.0,21.0,51.75,0,0,17,0,1025,5.7425,0,4202,2.88,0.0,2024-07,1.66
sG1rBgBR4t0,Sugarless Kheer ✨#suji #kheer #shorts#jaggery #semolina,2023-12-20,40.0,24.0,60.04,3,0,17,0,985,6.5186,3,1497,1.67,0.3045685279187817,2023-12,1.73
DEChGsFPhtM,VIRAT Kohli says Visualization is powerful ✨😍 #visualization#viratkohli #banglore#dosa #shorts,2024-11-15,41.0,15.0,36.99,0,0,14,0,962,3.8803,0,2204,3.45,0.0,2024-11,1.46
nnBLYIZFdfo,Turnip Noodles #kohlrabi #turnip #food #fitgreenmind #healthierecipes24 #shorts,2024-12-19,20.0,13.0,65.34,4,0,22,1,1091,3.5318,4,6266,3.69,0.3666361136571952,2024-12,2.11
UBYbQBBiJws,Crunchy Poha ✨#healthierecipes24 #crunchypoha #shorts #snacks #trending,2025-11-07,48.0,23.0,49.38,2,0,21,0,2093,6.5566,2,431,2.32,0.0955566172957477,2025-11,1.0
l4GUyO1PCqs,✨Sonam Kapoor's favourite childhood breakfast😍✨#sonamkapoor #shorts #seyalbread #healthierecipes24,2024-11-24,43.0,17.0,40.35,1,0,11,0,935,4.3855,1,3335,2.82,0.106951871657754,2024-11,1.18
0nXedFapdjw,"Sabji saga: Bite 3 = ""Bharda palya"" #healthierecipes24",2025-02-18,55.0,33.0,61.26,1,0,15,0,1173,8.8921,1,5559,4.23,0.0852514919011082,2025-02,1.28
NhUEoYwxlv0,🤩Deepika Padukone loves South Indian food♥️🍛 #food#deepikapadukone #shorts,2024-10-28,23.0,15.0,68.43,0,0,15,2,940,3.8643,0,16611,1.28,0.0,2024-10,1.81
MSvFTG2P7ic,🔥Korean Kimchi Ramen🍜 review#nissinramen #topramen  #koreankimchi #shorts,2024-08-16,47.0,26.0,57.28,0,0,26,0,845,6.3048,0,1737,3.63,0.0,2024-08,3.08
dIo7QxijMt8,White popcorn#shorts #jowar #sorghum #whitepopcorn #saiyaara #healthierecipes24,2025-07-27,59.0,29.0,49.17,3,0,27,0,1813,7.1676,3,2514,4.46,0.1654715940430226,2025-07,1.49
i0PZWD6NmgA,🔥SPICY Orange Chutney✨🤤#shorts #youtubeshorts #dosa #chutneyfordosa #food #trendingshorts,2024-02-14,24.0,18.0,76.87,2,1,18,0,941,4.5344,1,10176,3.25,0.2125398512221041,2024-02,1.91
1qpyjhLk8rY,Chana dal koshimbir✨ #chanadal#salad#foodvlog #shorts#shortsfeeds#shortsviral #shortstrend#pushpa2,2024-05-04,27.0,17.0,63.34,0,0,19,0,1031,4.1044,0,4701,3.94,0.0,2024-05,1.84
DrwN1zy10Rk,Beer biceps loves Milagai podi from Mysore cafe#ranveerallahbadia#beerbiceps #shorts,2024-11-08,33.0,18.0,55.63,3,0,20,0,899,4.1094,3,2730,3.74,0.3337041156840934,2024-11,2.22
6hEwPxx6YbA,Akshaya Tritiya thali ✨🙏🏻 #healthierecipes24 #akshayatritiya #akshayatritiya2025 #food #shorts,2025-04-30,24.0,12.0,50.58,1,0,8,0,2650,3.436,1,1368,6.36,0.0377358490566037,2025-04,0.3
zjKJ1-bstgE,Sweet potato benefits #healthierecipes24 #food #sweetpotato,2025-02-14,54.0,29.0,54.12,1,0,18,0,806,6.3405,1,880,4.32,0.1240694789081885,2025-02,2.23
uzrLYn2ny-4,🏅🔫Manu Bhaker loves Aloo Paratha ✨#olympics #manubhaker#sports  #bhagavadgita#shorts,2024-07-30,41.0,15.0,37.64,0,0,26,0,858,3.4041,0,5377,3.55,0.0,2024-07,3.03
4Cp9FEAeZfg,Hotel style Masala DOSA|ORANGE chutney #recipe from #scratch #dosa #fyp #dosabatter,2024-03-01,253.0,60.0,23.9,3,0,10,1,823,13.8207,3,16222,4.48,0.3645200486026731,2024-03,1.34
KrHb-OJ80Hk,Kangana Ranaut and R Madhavan pani puri competition✨🤩#panipurichallenge#shorts  #food,2024-09-27,39.0,15.0,40.54,2,0,13,0,867,3.3792,2,4076,4.47,0.2306805074971165,2024-09,1.5
jWjYQxCd76Q,BUDGET Friendly HOMEMADE Dessert!🍯✨#shorts#youtubeshorts #icecream #figs #caramel #homemade,2024-01-05,26.0,14.0,54.92,2,0,12,1,793,3.122,2,1626,3.81,0.2522068095838587,2024-01,1.64
5ejspBAs-3U,RIPE  Banana🍌 PURI #banana #paratha #puri #poori #shorts #ripebanana #india,2024-01-24,33.0,16.0,49.14,2,0,8,0,806,3.4659,2,3075,1.14,0.2481389578163771,2024-01,0.99
RmufjVuICfU,🍔🧀✨#shorts #healthierecipes24 #food #yummy,2025-02-01,39.0,12.0,31.18,0,0,19,0,771,2.5835,0,1158,3.11,0.0,2025-02,2.46
l-dz_xrYG0s,🌶️🔥How to store Chilli's for longtime #shorts #chilli  #store #preserve #kitchentips,2024-03-15,19.0,19.0,100.47,3,0,12,0,940,3.9713,3,6684,2.24,0.3191489361702127,2024-03,1.28
_yUi_IF8Oqc,Comedy Queen Bharti Singh's cooks Yummiest PULAO #bhartisingh #harshlimbachiya #recipe #shorts,2024-11-20,47.0,20.0,43.62,2,0,17,0,770,4.2574,2,2296,3.14,0.2597402597402597,2024-11,2.21
Lysb2BqAjRc,🤢Street Food experience with Nargis Fakhri🙈#nargisfakhri #streetfood #food #gajarkahalwa,2024-12-28,49.0,18.0,37.2,0,0,16,0,802,3.7285,0,5379,2.51,0.0,2024-12,2.0
h2uNDU7ogHI,when your Home smells like desi chinese🤤🔥#healthierecipes24 #shorts,2025-03-17,59.0,25.0,43.02,2,0,10,0,768,5.2383,2,7918,1.41,0.2604166666666666,2025-03,1.3
Y2BzRHk42Fs,How to make Mawa/Khoya modak(PART-1) #shorts #food #ganeshchaturthi #modak #2024 #easy #recipe,2024-09-05,52.0,27.0,52.35,1,0,25,0,777,5.8033,1,4548,2.9,0.1287001287001287,2024-09,3.22
3ISqnHUb0ak,Bollywood Actor Sanya Malhotra's favourite#fondue #pavbhajifondue#sanyamalhotra #shorts,2024-12-09,60.0,16.0,26.86,1,0,11,0,769,3.3202,1,4562,2.61,0.130039011703511,2024-12,1.43
pGz3Aeac_18,This Bengali Chaat is too good🔥😋🤌🏻#bollywood #chaat #churmur #bengalicuisine #shorts #shortsvi,2024-10-29,32.0,16.0,51.74,2,0,18,0,813,3.4722,2,4309,2.72,0.2460024600246002,2024-10,2.21
lfQxYrjIX0s,Kuzhi Panniyaram #healthierecipes24 #kuzhipaniyaram #recipe #shorts,2025-11-18,60.0,26.0,44.59,0,0,25,0,1857,6.0227,0,701,4.71,0.0,2025-11,1.35
GCJ0BI_fek4,Yellow crispy pipe✨😋#shorts #eveningsnacks #yellowpipe #viralvideo #healthierecipes24,2024-12-26,57.0,22.0,40.19,1,0,15,0,781,4.6338,1,3599,4.47,0.1280409731113956,2024-12,1.92
RgXIRpUfzpk,Cinnamon Cures PCOD?! #cinnamon#gymshorts#shorts#pcod #pcos,2024-07-09,55.0,32.0,59.49,3,0,16,0,857,6.7423,3,2467,7.17,0.3500583430571762,2024-07,1.87
eoDIscWAqQ8,🤌🏻GroundNut Chutney recipe✨#chutney #peanutchurney how to make peanut chutney foodies,2024-04-22,17.0,13.0,79.22,2,0,19,0,714,2.6676,2,313,2.24,0.2801120448179272,2024-04,2.66
BviwYtp53j0,Drumsticks Curry recipe ✨#healthierecipes24 #drumsticks,2025-03-18,44.0,22.0,50.99,0,0,13,0,795,4.5902,0,4220,3.39,0.0,2025-03,1.64
ftdsdv-AKnc,"May 8, 2025",2025-05-08,30.0,13.0,46.25,1,0,11,0,4178,3.8905,1,365,1.64,0.0239348970799425,2025-05,0.26
KmsMflY38t8,Rajkumar Rao like famous Bun Maska from Pune! #bunmaska#chai #short#rajkumarrao#healthierecipes24,2025-02-02,43.0,18.0,43.52,2,0,19,0,875,3.8604,2,2100,5.0,0.2285714285714286,2025-02,2.17
OXXZ-zjE1iE,🏏Cricket Star Ajinkya Rahane fav Kokum#shorts #ajinkyarahane #kokum #cricket #food,2024-10-21,28.0,17.0,62.23,0,0,21,0,754,3.4592,0,2083,5.47,0.0,2024-10,2.79
r4qpkyWpHDQ,The King of Bollywood (Happy Birthday Shahrukh Khan)#shorts,2024-11-03,24.0,14.0,59.63,1,0,14,0,728,2.8244,1,6318,0.95,0.1373626373626373,2024-11,1.92
RQNc-beeoxE,Easy GHEE recipe ✨🧈#shorts #butter #ghee #homemade,2024-08-11,60.0,19.0,33.22,1,0,13,1,709,3.9053,1,914,2.74,0.1410437235543018,2024-08,1.97
MdfRZo0zOn8,Priyanka Chopra is a fan of Stuffed parathas #paratha #priyankachopra #shorts #shortsfeed,2024-08-04,11.0,11.0,100.62,1,0,15,0,722,2.1582,1,1299,3.39,0.1385041551246537,2024-08,2.08
3DtZ8P6RJBA,Obsessed with this song!#healthierecipes24,2025-04-11,53.0,20.0,37.88,1,0,20,0,1691,4.4033,1,814,1.97,0.0591366055588409,2025-04,1.18
OVM5EjROmTQ,Sachin Tendulkar cooks Baingan ka Bharta #sachintendulkar#bainganbharta#shorts #shortsvideo #foodie,2024-08-06,57.0,26.0,45.62,3,0,19,0,759,5.2728,3,1892,2.75,0.3952569169960474,2024-08,2.5
Rrrt_YnGrJk,Oats Banana Pancake🥞#pancake #healthybreakfast #shortsfeed #foodvlog #food #breakfast,2024-05-23,43.0,19.0,44.85,1,0,15,0,713,3.8,1,2577,1.94,0.1402524544179523,2024-05,2.1
4ztMsD6DjXk,MIX SABJI Pakoda !#shorts #pakora #easyrecipe #food,2024-01-16,50.0,15.0,31.03,5,0,21,0,668,2.8758,5,525,0.76,0.7485029940119761,2024-01,3.14
ul11JWtmx1s,Tricolour Idli🇮🇳|Independence day special #independenceday #tricolor#recipe#shortsviral #shorts,2024-08-14,50.0,26.0,53.01,2,1,14,0,711,5.1267,1,4174,1.58,0.2812939521800281,2024-08,1.97
Uos62tI9WZg,Radhika Apte loves Modak! #healthierecipes24 #radhikaapte #modak #food #shorts,2025-01-27,52.0,24.0,47.15,0,0,9,0,734,4.5871,0,8658,0.87,0.0,2025-01,1.23
tyDLtf11WTc,Bhootnath lovess Aloo Paratha 😋✨#bhootnath #amitabhbachchan #banku #foodie#alooparatha,2024-08-02,40.0,27.0,68.53,0,0,18,0,701,5.169,0,988,4.15,0.0,2024-08,2.57
hahRYKb8o8M,✨Mukhwas recipe ✨ #healthierecipes24 #mukhwas #recipe #cooking #shorts,2025-11-13,48.0,24.0,51.13,0,0,16,1,1903,5.0567,0,503,3.18,0.0,2025-11,0.89
tJC685EIhqQ,"Sabji saga: Bite 2 =""easy Beetroot"" ✨#healthierecipes24 #sabjisaga #shorts",2025-02-13,51.0,25.0,49.69,0,0,15,0,676,4.666,0,1255,2.39,0.0,2025-02,2.22
tnGc6TFk5gk,Easy Cheesy Kabab #healthierecipes24 #harabharakababrecipe #cheesy #easy #shorts,2025-12-24,106.0,25.0,23.89,0,0,27,1,1681,5.341,0,603,3.32,0.0,2025-12,1.67
6jwYUXRDoEQ,Viral Masala Eggplant#healthierecipes24,2025-12-26,56.0,21.0,38.74,1,0,26,1,1567,4.4934,1,383,3.66,0.0638162093171665,2025-12,1.72
NeENl77QEcc,Instant Butter Murukku  #food#asmr #recipe #murukku #shortsvideo,2024-09-03,59.0,31.0,53.81,3,0,13,0,688,5.9748,3,1073,0.93,0.436046511627907,2024-09,1.89
diBClT0xsLk,I Made the Cutest Gnocchi On Earth,2024-11-14,60.0,24.0,40.68,2,0,19,0,679,4.4953,2,6928,1.41,0.2945508100147275,2024-11,2.8
IQ1HL2HiKUo,(LEFTOVER)Rice✨#shorts #leftoverricerecipe #subscribe #share #food #support#thanksguys,2024-02-03,35.0,19.0,55.09,0,0,11,0,666,3.5671,0,463,1.08,0.0,2024-02,1.65
Trhou5fI3wI,The Secret Side of Indian Diplomacy#shorts #jaishankar,2024-12-12,57.0,15.0,27.67,0,0,15,0,728,2.9139,0,3126,2.62,0.0,2024-12,2.06
jjHHC1Ixxic,Vegetable Stew#coconutmilk#viral#youtubeshorts#trending#ytshorts#india#shortsvideo#shorts#stew,2023-12-29,40.0,19.0,49.07,0,0,17,0,646,3.3953,0,1127,1.86,0.0,2023-12,2.63
DGpvjCrvAP0,Do you guys like Papdi chaat??✨🔥#food #kritisanon #bollywood #chaat #shorts #chaats,2024-10-24,15.0,12.0,80.88,0,0,17,0,700,2.1688,0,2833,2.79,0.0,2024-10,2.43
3_UAXth3jGY,♥️Navratri Day 6| Honey🍎 Halwa #shorts#honey#applehalwa#food#navratrispecial,2024-10-08,54.0,20.0,38.67,0,0,15,0,716,3.8364,0,1514,9.18,0.0,2024-10,2.09
vge7iOU-WFk,Indian cricketer Ajinkya Rahane love Pithla Bhakri✨☺️ #food #indiancricket #pitlabhakri #shorts,2024-10-22,29.0,14.0,50.6,1,0,15,0,679,2.6289,1,1482,5.13,0.1472754050073637,2024-10,2.21
Lxt6lC1d6bQ,AP DHILLON & Shinda try city version of saag#healthierecipes24 #apdhillon #shindakahlon #shorts,2025-01-13,59.0,20.0,35.11,0,0,14,0,661,3.657,0,2608,2.76,0.0,2025-01,2.12
pF58n2rvoBU,Natural sweet☑️ Refined Sugar❌#healthierecipes24 #naturalsweetner #food #shorts #recipe,2025-03-10,35.0,17.0,49.77,1,0,9,0,665,3.0467,1,604,2.15,0.150375939849624,2025-03,1.35
pxobbDzA9RM,Last post of 2024! Let's Welcome 2025🤩✨#gratefulforyou  #thankyouforwatching #shorts,2024-12-31,46.0,22.0,49.48,3,0,25,0,623,3.9082,3,1328,3.54,0.4815409309791332,2024-12,4.01
mUcDfRzXNlw,Tomato Thokku ✨#healthierecipes24 #recipe #food #tomtothokku #thakkalithokku,2025-09-19,58.0,20.0,34.56,3,0,12,0,2533,4.3177,3,3075,2.15,0.1184366363995262,2025-09,0.47
e-0dtoIOzPg,What's inside Watermelon seeds?#healthierecipes24 #whatsinside #shorts,2025-04-18,40.0,21.0,54.9,2,0,10,0,1544,4.1139,2,1480,2.5,0.1295336787564767,2025-04,0.65
h3_xJQOpQE0,Bobby Deol's childhood favorite😁✨#lauki#bottlegourd #food #shorts#shortsfeed#fyp #bollywood,2024-07-09,41.0,20.0,50.98,2,0,15,0,625,3.5688,2,458,3.06,0.32,2024-07,2.4
8Mqk_QQPgjE,Maggi and flakes ✨ #newmusic #healthierecipes24 #edsheeran,2025-06-06,40.0,18.0,46.82,0,0,16,0,2015,3.7218,0,1735,5.24,0.0,2025-06,0.79
kMvFGY5C24g,Ketchup in bhel#healthierecipes24 #bhel #recipe #shorts #trending,2025-12-30,31.0,17.0,57.71,1,0,17,0,1410,3.5625,1,481,3.95,0.0709219858156028,2025-12,1.21
gVYkv73S8cg,Kusube Palya ✨#healthierecipes24 #recipe #safflower #kusubepalya #northkarnataka,2025-12-22,59.0,30.0,51.15,2,0,15,0,1479,5.5423,2,650,4.31,0.1352265043948614,2025-12,1.01
9-cS6pLmdHs,Instant Poha Dosa for Breakfast ✨☺️#dosa #pohadosa #breakfast #recipe #food,2024-10-25,46.0,17.0,39.65,0,0,8,0,639,3.0086,0,5472,1.24,0.0,2024-10,1.25
J92mRYVMaU0,Gym coach Nitesh's Fat Burner Drink #fatburn#fyp #shorts #shortsfeed@theniteshfitnessempire85,2024-07-04,27.0,18.0,69.1,3,0,28,0,623,3.2081,3,1733,4.67,0.4815409309791332,2024-07,4.49
z-Y08v8wk4Q,Leftover Daal sabji ✨ #healthierecipes24 #food #leftover,2025-03-21,45.0,21.0,46.72,3,0,12,0,650,3.4658,3,1940,2.32,0.4615384615384615,2025-03,1.85
n7Rs9IuDKwk,noodles or Maggi ✨ #recipe #merimaggi #snacks #maggi #maggirecipe #shorts #healthierecipes24,2025-08-22,24.0,12.0,52.72,0,0,12,0,1768,2.6076,0,1157,2.85,0.0,2025-08,0.68
R1GJz-nu4rM,What's your Weird food combo? #healthierecipes24 #weirdfoodcombo,2025-06-02,36.0,16.0,46.12,2,0,14,0,1588,3.1587,2,705,1.7,0.1259445843828715,2025-06,0.88
FwvFg4HhhxA,South Indian White Gravy♥️ #recipe #healthierecipes24 #whitegravy #gravy #sabji #shorts,2025-08-25,59.0,24.0,41.72,4,0,21,0,1653,4.5676,4,825,1.33,0.2419842710223835,2025-08,1.27
41umlkwHJUA,Jackie Dada shares secret to success#jakieshroff#ranveerallahbadia #bhindi #shortsviral #shorts,2024-11-28,28.0,16.0,58.68,0,0,10,0,619,2.6773,0,2277,2.06,0.0,2024-11,1.62
hVxm47c2Fs4,Newest Healthy breakfast recipe✨🔥🤩#shorts #breakfast #healthierecipes24,2025-01-14,62.0,26.0,43.13,1,0,7,0,598,4.4214,1,1094,1.01,0.1672240802675585,2025-01,1.17
JXgn-OgfxT4,Quickest dosa #recipe #healthierecipes24 #rava #breakfast #easyrecipe,2025-08-12,45.0,22.0,49.64,1,0,17,2,2013,4.3119,1,483,2.69,0.0496770988574267,2025-08,0.94
XDcuVm1yKF8,Fancy Cutlery✨#healthierecipes24 #shorts #meesho #cutlery #fancy,2025-09-21,26.0,12.0,47.24,2,0,22,1,1733,2.5807,2,775,2.58,0.1154068090017311,2025-09,1.33
lIdK_pRFmvU,Creamy Cauli🥦✨😌#shorts #creamycauli #healthierecipes24  #recipe #sabji,2024-12-30,61.0,20.0,34.41,0,0,12,0,591,3.4244,0,2418,2.15,0.0,2024-12,2.03
aQ5vERWcnvE,Crispy Green Dose#healthierecipes24 #pesarttu #moongdalchilla #shorts,2025-09-13,59.0,20.0,35.03,0,0,18,1,2092,3.9941,0,734,2.18,0.0,2025-09,0.91
RFmUPBN0TII,✨Masala Khichdi without masala ✨ #recipe #healthierecipes24 #masalakhichdi #shorts,2025-11-15,57.0,18.0,32.29,1,0,17,1,1287,3.3738,1,506,4.15,0.0777000777000777,2025-11,1.4
I9NIFN3Ir9g,Unfermented Appe✨#healthierecipes24 #appe #pudd #paniyaram #food #shorts,2025-10-24,59.0,28.0,47.97,2,0,25,1,1640,5.0426,2,1338,2.54,0.1219512195121951,2025-10,1.59
Mwdk_NPVsDc,My monsoon fav #shorts #monsoon #favorite #recipe #easyrecipe #food,2025-08-31,43.0,18.0,44.07,3,1,16,0,1871,3.5905,2,525,2.29,0.1603420630678781,2025-08,0.86
kLAiIXH6i5c,Madhuri Dixit's favourite♥️🔥 #bollywood #dahiwada #shorts #shortsviral,2024-10-27,10.0,9.0,99.71,0,0,14,0,591,1.61,0,785,2.93,0.0,2024-10,2.37
ZgD30yocUC4,unique Salad Recipe #healthierecipes24 #recipe #saladrecipe #shorts #shorts,2025-11-29,58.0,17.0,31.01,0,0,29,2,1635,3.4259,0,472,4.24,0.0,2025-11,1.9
sWyFZScX400,Actor Rakul Preet made this recipe✨#shorts#shortsfeed#viral #rakulpreetsingh,2024-07-11,60.0,22.0,37.24,0,0,10,0,591,3.5871,0,959,2.82,0.0,2024-07,1.69
vtYx4jkLbHw,Foxnut Bhel ✨#healthierecipes24 #shorts #makhana #makhanabhel #food,2025-12-18,42.0,21.0,52.24,1,0,15,0,1252,3.9284,1,720,3.61,0.0798722044728434,2025-12,1.2
9FUllcE1Xkw,✨🪔Be festive Ready 🪔✨#healthierecipes24 #homemade #mukhwas #recipe #shorts,2025-09-09,58.0,14.0,25.68,1,0,21,1,1465,2.7515,1,725,2.76,0.068259385665529,2025-09,1.5
3pWq9ZXBWbo,"May 4, 2025",2025-05-09,25.0,14.0,59.22,1,0,13,0,1661,2.8025,1,357,3.08,0.0602046959662853,2025-05,0.78
S5WwY0FKKJk,Shahrukh Khan shares childhood memory#shorts #shahrukh #srk #coffee #thermos,2024-11-09,32.0,16.0,50.63,2,0,6,0,591,2.5458,2,1626,3.14,0.338409475465313,2024-11,1.02
GDwZMiz1GZA,Instant Butter Chakli #healthierecipes24 #instantchakli #butterchakli #beginnerfriendly #shorts,2025-09-04,55.0,22.0,41.22,2,0,19,1,2089,4.1749,2,631,2.69,0.0957395883197702,2025-09,0.96
boVDDuClN2I,Shark tank Star Namita Thapar loves Masale bhat✨#healthierecipes24 #namitathapar #food,2025-02-10,94.0,16.0,17.41,1,0,10,0,603,2.596,1,1783,3.31,0.165837479270315,2025-02,1.66
HI-ztNM6Hdc,Easy Wheat Gulab Jamun #healthierecipes24 #gulabjamun #food #shorts #shriganesh,2025-09-06,55.0,17.0,31.76,3,0,15,1,1304,3.041,3,594,3.54,0.2300613496932515,2025-09,1.23
LDvtQOqvYuw,✨Patto ki sabji✨#healthierecipes24 #pattokibhaji #food #northkarnatakarecipe,2024-12-31,334.0,37.0,11.13,2,0,5,0,586,6.0533,2,7543,6.69,0.3412969283276451,2024-12,0.85
vWghvSgJdbA,Tanghulu with jaggery🍡✨#tanghulu #shorts #viral #healthierecipes24 #fypシ #fyp,2024-01-26,25.0,25.0,101.88,0,0,24,0,719,4.5132,0,4916,6.14,0.0,2024-01,3.34
vq7ON1GrUiY,✨Creamy Paneer Bhurji #shorts #paneerbhurji #asmr,2024-08-24,60.0,20.0,34.26,1,0,22,0,565,3.221,1,622,2.41,0.1769911504424778,2024-08,3.89
gqPz2Shhluk,Quickest Chutney✨ #healthierecipes24 #chutney #recipe #shorts,2026-01-06,29.0,12.0,44.35,1,0,12,1,1471,2.4314,1,531,4.33,0.0679809653297076,2026-01,0.88
7OrkwC3nMjo,What's your lazy sunday feast??#healthierecipes24 #sundayfeast #food #lazysunday,2025-02-09,56.0,15.0,27.42,0,0,7,0,579,2.3956,0,1689,2.9,0.0,2025-02,1.21
P2-inG02CrA,How to use Neem leaves?#bevubella #healthierecipes24,2025-03-14,46.0,18.0,40.69,0,0,9,0,589,2.9216,0,709,2.4,0.0,2025-03,1.53
_vob4Ykc2J4,Easy Chana drink #drink #food #sattudrinkrecipe #satturecipe #ankitbaiyanpuriyashorts,2024-07-23,20.0,19.0,95.95,1,0,15,0,623,3.0152,1,3205,8.11,0.160513643659711,2024-07,2.41
T1I_JtHRoWo,Easy puchka✨🤍#healthierecipes24 #puchka #fuchka #shorts #recipe,2025-09-18,56.0,20.0,35.78,1,0,15,1,1716,3.637,1,773,2.72,0.0582750582750582,2025-09,0.93
xgNkvlc051k,Coconut 🥥 rice#healthierecipes24 #recipe #coconutrice #shorts,2025-12-05,46.0,20.0,44.34,3,0,22,0,1890,3.7831,3,413,3.39,0.1587301587301587,2025-12,1.16
M1-uDNtzgSc,Techa toast#crispy #viral #goviral #shorts #healthierecipes24 #recipe,2025-08-02,59.0,20.0,35.35,1,0,14,0,1397,3.7166,1,651,3.69,0.0715819613457408,2025-08,1.0
O-1jTOxSWBM,🧡Navratri Day 4🧡#shorts #malpua#recipe#kushmandamata#traditional#navratri#dusshera,2024-10-05,53.0,18.0,35.44,2,0,20,0,567,2.9382,2,2080,3.65,0.3527336860670194,2024-10,3.53
8djvMzeQLq8,Butter Pizza 🍕#healthierecipes24 #pizza #butterpizza#food #viral,2025-10-23,51.0,19.0,38.18,0,0,12,0,1914,3.5492,0,592,3.38,0.0,2025-10,0.63
GTPdTTQjJ0Q,Gooseberry Rassam ✨#shorts #healthierecipes24 #gooseberry #rassam,2025-11-10,60.0,24.0,41.09,2,0,23,0,2346,4.5131,2,680,1.32,0.0852514919011082,2025-11,0.98
R4CBtkhUaR0,Stuffed Capsicum in a min! #shorts #capsicum #stuffed #recipe #easyrecipe#healthierecipes24,2025-08-06,96.0,49.0,51.58,0,0,9,2,1155,7.8995,0,435,3.45,0.0,2025-08,0.95
q0KAYeu15lY,Indori Bhutte ka Kees🌽✨ #bhuttekakees #shorts #foodie #streetfood #monsoon #food,2024-07-27,43.0,16.0,38.54,0,0,13,0,582,2.558,0,1496,3.94,0.0,2024-07,2.23
w7JF1a5FYWE,🌕Sharadh purnima|Kojagiri Purnima special Masala milk✨🌼🌝#shorts #shortsyoutube #masaladoodh#recipe,2024-10-17,49.0,21.0,44.32,0,0,16,0,564,3.2884,0,3228,0.84,0.0,2024-10,2.84
VnhkoAabPnc,5 mins snacks #food #healthierecipes24 #smashedpotatoes,2025-02-06,47.0,19.0,42.5,0,0,16,0,560,3.0411,0,1637,2.02,0.0,2025-02,2.86
jhCg2b7eKFg,Soup Cravings #recipe #food #easyrecipe #soup #sweetcorn #shorts  #healthierecipes24,2025-08-24,46.0,25.0,54.42,0,0,21,0,1414,4.1458,0,506,1.78,0.0,2025-08,1.49
y2A_gjecO4U,🌼Easy Quick Prasad recipe🌼#shorts#ytshorts#prasad#navratrispecial#navratri2024#food,2024-10-03,46.0,19.0,41.76,5,2,15,0,547,2.8751,3,2908,1.2,0.9140767824497258,2024-10,2.74
UJIFXIXCm8c,Brought This home first time!#healthierecipes24 #food #redcabbage #shorts,2025-05-16,46.0,17.0,37.99,1,0,14,0,1925,3.2744,1,502,2.59,0.0519480519480519,2025-05,0.73
vRm3IxyLXd4,Gym coach Nitesh's Home made Mass Gainer✨ #massgainer#protienrich #niteshsoni#gymcoach#gym,2024-08-13,36.0,22.0,63.17,1,0,23,0,553,3.445,1,422,0.95,0.1808318264014466,2024-08,4.16
2G3jUfa0i00,Green Dal with Rice katori ✨#health #healthierecipes24 #recipe #dal #shorts,2025-09-07,57.0,12.0,21.72,0,0,15,0,936,2.0327,0,836,1.56,0.0,2025-09,1.6
3aIqeTqw6KE,Instant Poha Dosa recipe ✨#shorts #breakfast #dosa #instantdosa #trending,2024-02-05,43.0,19.0,46.23,3,1,16,2,575,3.1446,2,9299,1.73,0.5217391304347827,2024-02,3.13
cy-oxDfDEN8,Navratri Day 3✨💟 #food #kheer #navratri #navratrispecial #chandraghanta #maadurga #matarani #shorts,2024-10-05,55.0,20.0,37.27,1,0,12,0,574,3.0727,1,2199,3.05,0.1742160278745644,2024-10,2.09
TQRd9eOMkNY,Instant breakfast ekdam tasty🔥🤌🏻#shorts #food #foodie #breakfast #breakfastrecipe,2024-11-02,60.0,32.0,54.15,1,0,12,0,551,4.9641,1,976,1.43,0.1814882032667876,2024-11,2.18
p0DBkltXagg,Pesarattu #moongdal #sprouts (how to make sprouts dosa#moongdaldosamoong dal dosa),2024-04-04,60.0,23.0,39.64,2,0,17,0,535,3.5291,2,383,1.57,0.3738317757009346,2024-04,3.18
MuSYEuWbovI,Sattu Laddu #satturecipe #laddu #thambittu #healthierecipes24 shorts #shortsviral,2024-08-10,48.0,22.0,45.92,1,0,13,0,540,3.283,1,1368,1.24,0.1851851851851852,2024-08,2.41
Lj64sx-c-Uc,😌Soul food♥️ #aloopyazpuri #puri #food #winter #shorts #healthierecipes24,2024-12-25,20.0,17.0,85.4,1,0,19,0,545,2.5598,1,1445,1.8,0.1834862385321101,2024-12,3.49
YlzqZ7sac9k,Nitin Gadkari's Fav recipe on YouTube#shorts #recipeoftheday #nitingadkari #favorite #foodvlog,2024-08-14,33.0,17.0,53.75,0,0,20,0,554,2.6655,0,839,3.1,0.0,2024-08,3.61
FYziiw4aiMM,Kanda sabudana #healthierecipes24 #food #sabudana #sabudanakhichdi #shorts,2025-11-11,56.0,22.0,40.15,3,0,18,0,1848,3.9379,3,448,2.46,0.1623376623376623,2025-11,0.97
ysRCxEyeDpI,Akki Rotti in 59secs ✨#healthierecipes24 #akkirotti #shorts,2025-11-21,59.0,20.0,35.05,0,0,16,0,1760,3.726,0,517,3.29,0.0,2025-11,0.91
uvMioAwuQP0,Ragda Pattice✨#shorts #food #streetfood #foryou #badshahobadshah #song,2024-04-13,57.0,19.0,34.2,0,0,11,1,532,2.8654,0,884,0.9,0.0,2024-04,2.26
QD5pXAXWnxY,Toast✨ #recipe #food #easyrecipe #healthierecipes24 #cheese #toast #shorts,2025-08-17,30.0,13.0,44.69,1,0,13,0,1315,2.3123,1,391,2.05,0.0760456273764258,2025-08,0.99
xUFxnVXuZZw,✨Easy millets kheer #healthyfood #food #habitbuilder #shorts recipe,2024-08-21,52.0,19.0,37.21,2,0,17,0,561,2.8885,2,874,4.35,0.35650623885918,2024-08,3.03
8hS6Pxhv3AE,Crunchy Fried Modak #ganeshchaturthi #healthierecipes24 #food #modak,2025-08-28,57.0,14.0,24.58,1,0,13,1,1545,2.4411,1,476,2.73,0.0647249190938511,2025-08,0.91
byTI_g--YsQ,Crunchy Green Salad#healthierecipes24 #crunchy #salad #greens #vegan #shorts,2025-12-09,32.0,23.0,72.62,2,0,24,2,2009,4.1732,2,881,3.18,0.0995520159283225,2025-12,1.29
aA-1q3mplho,Fruit Melon?✨ #shortsyt #ytshots #foodshorts #summershorts,2024-04-06,58.0,16.0,28.45,0,0,19,0,515,2.356,0,229,6.55,0.0,2024-04,3.69
qDkS7OEwD5Y,Coconut puri✨🤌🏻#breakfast#shorts #breakfastrecipe#instantbreakfast,2024-10-15,60.0,37.0,62.12,1,0,10,0,521,5.3345,1,2606,2.11,0.1919385796545105,2024-10,1.92
apygR9BSDto,Aam coco chutney✨🤌🏻 #healthierecipes24 #quickrecipe #food #30sec,2025-06-01,31.0,16.0,53.49,2,0,11,0,3450,3.4533,2,735,1.22,0.0579710144927536,2025-06,0.32
4ZKfjga9kM4,"Chaatlicious🌱🥗✨|Snack Time, Sorted! #shorts #chaat #healthy",2024-01-10,24.0,15.0,65.27,3,1,10,0,512,2.2157,2,500,2.0,0.5859375,2024-01,1.95
CNxRMG4ofPE,How to preserve Lemon✨🍋#lifehacks #shorts #kitchentips #tipsandtricks #lemon #tips,2024-02-10,20.0,14.0,72.09,6,1,7,0,530,2.0536,5,1541,2.47,1.1320754716981132,2024-02,1.32
ie3o4nHBLxc,PERFECT measurements for Tea For Two✌🏼!☕✨#shorts#tea#chai        #masalatea #tealover #chailover,2024-01-12,19.0,15.0,81.66,1,0,15,0,696,2.4422,1,2447,7.03,0.1436781609195402,2024-01,2.16
WYt27OtiarM,✨Ganpati visarjan special recipe🥟Traditional PATOLI✨#shorts#visarjan#visarjan2024#food#youtubeshorts,2024-09-17,51.0,16.0,33.08,0,0,13,0,499,2.3253,0,1049,2.48,0.0,2024-09,2.61
0hqM-9CuCBI,Wholesome Jowar Elegance with Buttermilk Magic✨#shorts #jowar #recipe #healthylifestyle,2024-01-13,25.0,17.0,68.73,1,1,18,0,560,2.4173,0,2354,5.4,0.1785714285714285,2024-01,3.21
YBv19-tzVp8,This will Control Diabetes ✨#shorts #bloodsugar #controldiabetes #solution,2024-07-19,57.0,25.0,44.81,1,0,13,0,492,3.4772,1,1780,2.58,0.2032520325203252,2024-07,2.64
ZYeMsN2ulNk,This Song is such a VIBE😌🎧🎶#shorts #marathi #song #fyp #sandwich #trending#food,2024-03-16,41.0,36.0,89.56,2,0,15,0,537,5.1835,2,2013,1.39,0.37243947858473,2024-03,2.79
9UCwrgLrBcA,✨Easy Mawa Modak♥️#food #ganeshchaturthi #2024 #modak #colourfulmodak #shortsfeed,2024-09-05,54.0,22.0,40.93,2,0,24,0,489,2.9959,2,1132,1.24,0.408997955010225,2024-09,4.91
8NuAmU1gAYg,pineapple Kesari bhat🍍#shorts #kesaribath #halwa #ananas #food#fyppineapple,2024-07-14,56.0,17.0,31.79,5,0,17,0,489,2.3725,5,896,0.78,1.0224948875255624,2024-07,3.48
yoqJicCUtwI,💚Navratri Day 2💚 #shubharambh#navratrispecial #navdurga #shorts #matarani #sugar#prasad,2024-10-04,39.0,15.0,39.05,1,0,12,0,476,1.9738,1,1842,1.41,0.2100840336134453,2024-10,2.52
YrpycRevRs0,Easy Coconut drink✨🌼#easyrecipe #healthierecipes24 #food #recipe #shorts #ytshorts,2024-09-30,27.0,14.0,53.46,2,0,13,0,471,1.8808,2,1832,1.15,0.4246284501061571,2024-09,2.76
eXZopxYn-3k,chilli garlic gobi #healthierecipes24 #trending  #shorts,2025-04-14,59.0,20.0,34.45,0,0,12,0,1417,3.067,0,1275,1.25,0.0,2025-04,0.85
VQYcC9G2X-c,Akshay Kumar eats this#akshaykumar #foodvlog shorts #shorts #shortsviralBeetroot,2024-07-02,34.0,18.0,53.3,2,0,18,0,491,2.397,2,602,3.99,0.4073319755600814,2024-07,3.67
YcxVgPuo6Dw,These noodles taste too good🤤🍜#noodles#food#apdhillon #shorts #short,2024-07-20,43.0,16.0,38.73,1,0,17,0,468,2.156,1,274,1.82,0.2136752136752137,2024-07,3.63
LjTcTyAS_XI,Sabudana Papad✨😁 #snacks #papad #foryou #shprts #thehicsong,2024-04-25,59.0,17.0,30.34,0,0,12,0,469,2.3268,0,814,1.23,0.0,2024-04,2.56
o-JBcQbnREk,LEFTOVER Daal sabji#foodvlog #leftoverdalrecipe #fypシ #tamil #palak #healthierecipes24,2024-06-01,37.0,12.0,34.91,0,0,8,0,453,1.6139,0,568,1.41,0.0,2024-06,1.77
hsh_I6Trmgo,Homemade GHEE✨#gheeathome#timelapse#shorts#shortsfeed,2024-06-23,45.0,15.0,33.97,0,0,8,0,452,1.9064,0,609,1.48,0.0,2024-06,1.77
IfpzCiWASZg,Raw mango sabji in 5mins✨😉 #healthierecipes24 #rawmango,2025-04-17,41.0,16.0,41.31,1,0,11,2,1466,2.6692,1,895,2.12,0.068212824010914,2025-04,0.89
aROGs0sBpTg,How to make homemade Papad✨#food #foryou #foodvlog #shorts,2024-04-24,57.0,19.0,34.83,2,0,12,0,447,2.4598,2,171,0.58,0.4474272930648769,2024-04,2.68
daLRY4d71oI,The Healthiest Modaks #shorts #ytshorts #ganpati,2024-09-10,45.0,22.0,49.47,1,0,19,1,456,2.8081,1,513,1.36,0.219298245614035,2024-09,4.39
mZ7gxfzVIIk,Back to normal ✌🏻😌#healthierecipes24 #dalroti #backtonormal #shorts #shortsyoutube,2024-10-14,54.0,19.0,36.33,0,0,11,0,452,2.4498,0,483,1.86,0.0,2024-10,2.43
D5phLqPeM1w,Navratri day 9#jubinnautiyal#navratrispecial #shorts #shortsfeed,2024-10-12,39.0,16.0,41.93,2,0,13,0,453,2.0489,2,632,3.48,0.4415011037527593,2024-10,2.87
12RKrY3SY1A,I carved a Pumpkin 💁🏻‍♀️#halloween #halloween2024 #halloweendecor #shortsvideo  #shorts 🎃🔥,2024-10-31,48.0,21.0,44.85,2,0,20,0,473,2.7612,2,1271,0.39,0.4228329809725158,2024-10,4.23
2Jc_c5-5Ick,Favourite Street food😋🔥#streetfood #fypシ #shorts #shortsfeedPav bhajifood blogger,2024-05-10,57.0,19.0,34.85,1,1,18,0,454,2.5001,0,189,2.12,0.2202643171806167,2024-05,3.96
DwADFGDam6w,M&M Thandai✨😋🔥💚#shortsyt #shorts #food #summerspecialdrink,2024-04-13,41.0,12.0,31.51,1,0,9,0,439,1.5752,1,324,0.31,0.2277904328018223,2024-04,2.05
uqVqP_OM5kg,Little Millet Upma ✨ #littlemillet #vrat #breakfast #fyp #fypシ,2024-03-17,48.0,30.0,64.05,1,1,11,1,464,3.888,0,1843,3.15,0.2155172413793103,2024-03,2.59
vw8ezyW8G8A,Aam panna😋✨🥭#aampanna #foryou#foodvlog#fypシ #shortsfeed #fypage#pushpa2 #newsongmanho pann recipe,2024-05-05,29.0,15.0,53.89,1,1,13,0,447,1.9174,0,498,0.8,0.2237136465324384,2024-05,2.91
aeTSD8dXEGg,Navratri Day 8✨🌼#navratrifood #short #mahagauri,2024-10-11,55.0,13.0,25.14,0,0,6,0,445,1.709,0,437,2.06,0.0,2024-10,1.35
ZFdJ8Jw7vnY,Smootthieee#shorts #shortsshorts #short drinks Mango Smoothie Milkshake,2024-05-14,20.0,12.0,61.15,1,0,16,0,438,1.4849,1,266,0.75,0.228310502283105,2024-05,3.65
UK98T-S3WWQ,Ram Navami'24 #ramnavami #thali #prasad #fyp#shortsshorts,2024-04-17,42.0,14.0,34.45,0,0,15,1,440,1.7508,0,297,3.37,0.0,2024-04,3.64
gEGwGvJgn1c,"July 17, 2024",2024-07-17,60.0,22.0,38.22,0,0,14,0,431,2.7393,0,233,2.15,0.0,2024-07,3.25
WwZ_Rn5evRQ,This curry recipe is mindblowing✨🤌🏻 #shorts #foryou #newsong #curry,2024-04-26,58.0,18.0,32.67,0,0,16,0,438,2.3011,0,169,2.37,0.0,2024-04,3.65
DPJWhsCJ2EY,✨Shubh Dusshera✨#dusshera #shorts #gulabjamun #shortsfeed #happydussehra,2024-10-12,60.0,24.0,40.31,1,0,7,0,434,2.9024,1,397,2.27,0.2304147465437788,2024-10,1.61
8QS-UKwHVWc,Kangana's favourite food ✨🍛#kanganaranaut #food #shorts #shortsvideo,2024-12-01,61.0,32.0,54.03,1,0,15,0,620,4.1199,1,4289,2.89,0.1612903225806451,2024-12,2.42
CeHqDaIpZ0A,💠Day 7 of Navratri💠#shorts #halwa#jaggery#healthierecipes24,2024-10-09,60.0,22.0,38.09,2,0,11,0,427,2.7052,2,542,1.66,0.468384074941452,2024-10,2.58
zYi3TDVvYIc,✨Bisi Bele Bath😌🌼♥️#shorts #bisibelebathrecipe#ytshorts #food #cooking #favorite,2024-10-13,44.0,11.0,25.59,1,0,7,0,430,1.3393,1,610,3.61,0.2325581395348837,2024-10,1.63
5rYUVZd_Wwk,🥥Coconut Idli|instant idli|Breakfast#shorts #shortsfeed #food #foodvlog #recipe,2024-06-18,58.0,19.0,34.0,1,0,8,0,441,2.4006,1,354,1.41,0.2267573696145124,2024-06,1.81
qA_cwq4AO9k,✨Lemon Coriander Soup🥣 #lemoncoriandersoup #shorts #winterspecial #winter #winterrecipe,2024-12-06,58.0,15.0,27.57,2,0,9,1,439,1.8872,2,4226,1.18,0.4555808656036446,2024-12,2.28
xIz8hYlW6dw,What's your favourite evening snack? Comment down✨⬇️ #eveningsnacks #healthierecipes24 #shorts,2025-01-20,43.0,16.0,38.31,1,0,8,0,435,1.9571,1,963,1.77,0.2298850574712643,2025-01,1.84
OZJhbPnsTzA,🥔AALU Raita✨🔥#potato #raita #tengetenge #viral #food #fyp,2024-03-23,34.0,14.0,41.9,2,1,9,0,433,1.7099,1,210,1.43,0.4618937644341801,2024-03,2.08
gApDpNizEHA,💚🥬🥰🥗 #shorts,2024-03-22,57.0,14.0,25.75,0,0,12,0,411,1.6719,0,141,4.26,0.0,2024-03,2.92
6OTNcp4SIq0,Poha✨😋#breakfast#shorts#foodvlog#easyrecipes#fyp cravings and calories new videopizzpizzapa,2024-04-27,53.0,20.0,37.76,2,0,6,0,418,2.3039,2,265,0.38,0.4784688995215311,2024-04,1.44
GnkFyvlMlns,Jai Siya Ram#healthierecipes24 #ramnavami #prasad,2025-04-06,37.0,20.0,55.08,1,1,21,0,1134,2.6651,0,1790,4.02,0.0881834215167548,2025-04,1.85
ZIHNdpDH9wA,Coconut idli/Easy Instant Idli recipe/poha idli,2024-06-18,102.0,47.0,46.59,2,0,5,3,428,5.6504,2,7929,5.06,0.4672897196261681,2024-06,1.87
mXBILQm6opU,5mins Besan recipe to eat with roti#youtubeshorts#5minsrecipe#besan#yummy#raita#shorts,2023-12-19,47.0,24.0,51.38,1,0,16,0,431,2.8721,1,801,3.75,0.2320185614849187,2023-12,3.71
0leNkdnncwU,🌼✨Day 5 of Navratri 🌼#shorts #skandamata #banana #navratri,2024-10-07,35.0,15.0,45.21,1,0,11,0,439,1.7615,1,955,4.71,0.2277904328018223,2024-10,2.51
_Rpwhy73OsI,Aloo Paratha😋🔥✨#alooparatha #shorts #food #alooparatharecipe,2024-01-23,29.0,15.0,54.06,3,1,13,0,395,1.7165,2,224,1.34,0.7594936708860759,2024-01,3.29
kKuaIw2juUc,Quickest Dosa Ever #healthierecipes24 #quickrecipe #healthyfood,2025-05-19,39.0,22.0,57.01,3,0,8,2,1209,2.735,3,679,1.33,0.2481389578163771,2025-05,0.83
9fVPwBptB2o,Quick snack from MH & KA#healthierecipes24 #food #chirote #shorts,2025-09-02,60.0,23.0,39.03,3,0,13,0,2052,3.3084,3,501,2.59,0.1461988304093567,2025-09,0.63
5mHOYYtlDms,purple cabbage Chutney#healthierecipes24 #food #recipe #shorts,2025-05-17,28.0,13.0,47.43,1,0,9,0,1540,1.9928,1,1251,2.0,0.0649350649350649,2025-05,0.58
BN_49PtMn3c,What do you call this sabji??comment down below⬇️ Kitchen tips#shorts #food #kitchentips,2024-06-15,30.0,11.0,38.06,0,0,11,1,387,1.1958,0,798,1.13,0.0,2024-06,3.1
8q5OHDGgLs8,PART 1| Easy and simple potato#potato#sabji#aloo#easyrecipe#viral#youtubeshorts#shorts#trending,2024-01-06,27.0,15.0,58.19,1,0,12,0,375,1.6367,1,197,2.54,0.2666666666666666,2024-01,3.2
ttZ0DEiT6Y8,DHABEWALA Gajar ka Achar#pickle#carrotrecipe #youtubeshorts #gajarkaachar #shorts#viral,2023-12-26,23.0,16.0,71.48,2,0,16,0,392,1.7463,2,9935,1.34,0.5102040816326531,2023-12,4.08
CRe5o7nO8co,When DOSA is love ❤️✨ #dosa #shorts #homemade #food #youtubeshorts,2024-02-21,10.0,7.0,72.74,1,0,6,0,363,0.7334,1,166,2.41,0.2754820936639118,2024-02,1.65
J9OeO3AMQQM,TIME PASS Sandwich|Green Chutney 🥪 in 5mins#shorts #greenchutney #spicy #trending,2024-01-20,33.0,16.0,50.07,1,0,8,0,359,1.6438,1,305,1.97,0.2785515320334262,2024-01,2.23
hh0qPh8qAnc,zunka bhakri✨🔥 #jowarkiroti #bhakri #pithla #zunka #shorts #shortsviral,2024-06-27,51.0,24.0,48.94,1,0,12,0,425,2.7036,1,1037,0.96,0.2352941176470588,2024-06,2.82
h8V5qUKMkGc,Healthy Pearl Millet roti #healthierecipes24 #bajraroti #food #millets,2025-02-24,371.0,63.0,17.05,2,0,6,0,383,6.7279,2,6876,4.38,0.5221932114882507,2025-02,1.57
AmixU2vWeqs,2 recipes in 50secs✨✌🏻 #healthierecipes24 #ridgeguard #food #60seconds,2025-05-26,51.0,17.0,34.23,0,0,9,0,1097,2.0465,0,673,1.78,0.0,2025-05,0.82
o7QeH52kNTU,Mind-blowing bhindi#healthierecipes24 #shorts #recipe,2025-05-30,51.0,34.0,67.84,3,0,10,0,1135,3.5927,3,631,1.43,0.2643171806167401,2025-05,0.88
uguCghUcjAI,✨Homemade Paneer Bhurji✨#healthierecipes24 #homemade #paneer #paneerbhurji #shorts #food,2025-10-26,55.0,14.0,26.71,0,0,12,0,2204,2.1278,0,553,1.99,0.0,2025-10,0.54
N5_aFKWvp5A,Crispy Shepu leaves(Suva/Dill) recipe#fritters#shortsfeed#shorts#youtubeshorts#chanadal#dill,2023-12-25,47.0,29.0,63.22,2,0,19,0,379,2.963,2,4846,4.23,0.5277044854881267,2023-12,5.01
UqszpxBs2cg,Qucik Kidney beans#healthierecipes24 #rajma #rajmarecipe #shorts #food,2025-05-21,37.0,15.0,42.46,2,0,9,0,1431,1.8622,2,784,0.64,0.1397624039133473,2025-05,0.63
PSwa1tIqwNQ,😍Super Refreshing! #shorts #moolirecipe #radish #health,2024-01-17,25.0,17.0,68.41,1,0,10,0,336,1.5555,1,1602,1.69,0.2976190476190476,2024-01,2.98
Ffb-SqYUf5A,🤯🙅‍♀️DON'T SKIP This Recipe✨ #shorts #herbs #creamy #leftoverricerecipe #yummy,2024-02-07,48.0,15.0,31.98,0,0,9,0,317,1.3475,0,636,2.52,0.0,2024-02,2.84
uccogw6Xr8s,Quickest Carrot Salad#carrotrecipe #shorts#youtubeshorts #carrotsalad #easyrecipe,2024-01-02,24.0,15.0,65.2,2,0,8,0,321,1.3792,2,442,2.26,0.6230529595015576,2024-01,2.49
lJjFYh4IOUo,Actor Ananya Pandey loves Gajar ka Halwa!#ananyapandey #shorts #ytshorts #gajarkahalwa,2024-09-25,57.0,19.0,33.63,2,0,13,0,349,1.7147,2,3107,4.86,0.5730659025787965,2024-09,3.72
Lg2Hvk6wIV4,Muddi Palya/Dal Methi sabji Recipe #methi #toordal#northkarnatakarecipe#youtubeshorts#easyrecipe,2024-01-04,41.0,20.0,50.21,0,0,6,0,336,1.7865,0,2482,1.41,0.0,2024-01,1.79
Qck6cSpBKQ0,Would You try this dessert?#healthierecipes24 #weddingseason #food #dessert #shorts,2024-12-29,60.0,24.0,40.67,0,0,8,0,305,2.0164,0,1396,1.58,0.0,2024-12,2.62
_HJIFKj_8pA,Dahi wada ki story #healthierecipes24 #history #food,2025-04-08,51.0,22.0,44.67,1,0,8,1,929,2.1104,1,643,2.02,0.1076426264800861,2025-04,0.97
kjEY95l2Y5E,Karela seeds Chutney#shorts #seeds #northkarnataka #chutney,2024-01-18,34.0,14.0,42.46,0,0,9,0,295,1.1546,0,2770,1.41,0.0,2024-01,3.05
WTkxBrD_PgY,🍰HOMEMADE RAVA Cake #semolina#cake#suji#rava#happynewyear#trending#viral#shorts#youtubeshorts,2024-01-01,41.0,15.0,36.74,0,0,8,0,274,1.139,0,1849,1.57,0.0,2024-01,2.92
MngF1siJKrE,🍰COMFORT CAKE(viral recipe)#shorts #bananacake #jaggery #homemadecake,2024-01-19,44.0,20.0,47.68,2,1,8,0,256,1.4819,1,1850,0.65,0.78125,2024-01,3.12
7USnGm45vrM,Dhoni's love for Chai✨🔥☕#chai #tea #shorts #msdhoni #cricket,2024-06-26,37.0,14.0,38.54,0,0,9,0,280,0.9992,0,1497,3.01,0.0,2024-06,3.21
rec52epAPow,#bhindi  #shorts #crunchy #youtubeshorts #ytshorts #aloofry,2024-01-28,26.0,18.0,72.2,1,0,7,0,251,1.3045,1,9100,1.07,0.398406374501992,2024-01,2.79
2su0PRB5N7E,PART 2| Easy and Simple Potato✨ Quickest Sabji#shorts #potato#chops #trending,2024-01-11,20.0,17.0,85.32,0,0,8,0,252,1.122,0,2268,1.01,0.0,2024-01,3.17
0UiWvnAL0V4,Maharashtra Famous Shankarpali#healthierecipes24 #shankarpali #easy#recipe #shorts,2025-09-03,45.0,19.0,43.87,1,0,13,1,1420,1.7506,1,1027,0.97,0.0704225352112676,2025-09,0.99
Bl5okTns-no,☁️CHOCOLATE CLOUDS🌨️✨#dessert #budgetfriendly #dessert #shorts #viral,2024-01-25,26.0,14.0,56.59,0,0,7,0,241,0.9612,0,1222,1.23,0.0,2024-01,2.9
AhpUBfo-b34,🥵Arrabbiata✨🔥#vibing #pasta #redsaucepasta #madisonbeer #fyp #fypシ #fypシ゚viral,2024-03-28,38.0,13.0,34.7,0,0,11,0,228,0.8296,0,405,0.99,0.0,2024-03,4.82
UiIVMQLtcHk,Amla Murabba🧡#gooseberry#amla#shorts#youtubeshorts#viral#ytshorts#trending#shortsfeed,2023-12-21,37.0,19.0,52.94,1,0,13,0,238,1.2844,1,733,0.82,0.4201680672268907,2023-12,5.46
ojB7TZMIpyE,Leftover Roti Frankie🌯 #wrap#frankie#leftoverrotirecipe#youtubeshorts#viral#trending#viral#food,2024-01-07,34.0,14.0,41.55,0,0,11,0,223,0.8751,0,233,1.72,0.0,2024-01,4.93
fqqEUKsPepg,QUICK Breakfast for Busy Days | SUSLA | Puffed Rice Upma | ಮಂಡಕ್ಕಿ ಸುಸ್ಲ | Mandakki Susla #youtube,2024-02-20,117.0,38.0,32.99,0,0,2,0,233,2.4981,0,11048,1.8,0.0,2024-02,0.86
cn17WtOz1bs,Gajar Ka Halwa#carrothalwa#gajarkahalwa#trending#cashew#youtubeshorts#viral#shorts#carrotrecipe,2023-12-31,28.0,18.0,65.04,2,1,8,0,225,1.1288,1,498,1.81,0.8888888888888888,2023-12,3.56
l2ugLOMA80I,Kosambari! #healthierecipes24 #kosambari #salad #recipe #instant,2025-05-22,40.0,23.0,57.58,0,0,9,1,605,1.5415,0,3721,2.18,0.0,2025-05,1.65
_pXQzSwLN9A,SpiCy Chilli Maggi#maggi#chilli#garlic#foodie#love#maggie#ytshorts#shorts#viralshorts#indianfood,2023-12-26,41.0,21.0,53.45,1,0,14,0,216,1.3149,1,550,3.82,0.4629629629629629,2023-12,6.48
1QIthk9KAg0,Stuffed Baingan✨🤤🔥#shorts #eggplant #brinjal  #homemade #india,2024-01-21,43.0,21.0,49.53,0,0,7,0,216,1.2728,0,3036,1.25,0.0,2024-01,3.24
Mr_CTY2E96g,Mix Veggie Paradise🥗✨💙#shorts #vegetablesalad  #vegetableraita #healthyfood,2024-01-28,25.0,10.0,42.4,1,0,6,0,208,0.6103,1,249,0.0,0.4807692307692308,2024-01,2.88
sjSDSTT3jGA,just an evening snack #healthierecipes24 #garlicbread #noodles #pizza,2025-06-05,12.0,10.0,84.46,0,0,9,0,953,0.8812,0,1090,4.31,0.0,2025-06,0.94
YJXU-HUbQZA,ANOKHA Salad✨ #shorts #food #viral #10second #homemade,2024-01-29,16.0,10.0,70.91,1,0,7,0,206,0.6029,1,162,0.62,0.4854368932038834,2024-01,3.4
5EKjTEWkp3w,Homemade IMMUNITY BOOSTER #immunitybooster #sadhguru #homemaderecipe #shorts,2024-11-30,50.0,37.0,75.7,0,0,8,0,252,2.2288,0,3362,2.05,0.0,2024-11,3.17
SoodEE_wbhg,Craving for fried food 🍟✨#shorts #youtubeshorts #cravings #friedfood,2024-09-14,27.0,13.0,48.49,0,0,7,0,215,0.7039,0,1592,3.39,0.0,2024-09,3.26
f_Vt7ASQnOA,Sabu khichdi✨☘️#shorts #viral #homemade #sabudana #sankashti #sabudanakhichdi,2024-01-29,48.0,24.0,50.09,2,0,6,1,199,1.3031,2,515,1.17,1.0050251256281406,2024-01,3.52
HrO_BRzP2TY,Entire Prasad Thali#shorts#ytshorts,2024-09-13,56.0,18.0,33.9,0,0,9,0,214,1.0006,0,3558,3.01,0.0,2024-09,4.21
Pqo8_Xj9YKs,Panipuri | Satisfying Street Food Vibes♥️😋✨#shorts,2024-08-23,60.0,23.0,39.44,0,0,11,0,187,1.2235,0,361,1.66,0.0,2024-08,5.88
KUHw2Bp4ang,Desi Spicy Besan PITHLA - A Taste of Home in Every Spoonful!🌶️🍲✨#besan#sabji#shorts  #viral,2024-01-09,27.0,20.0,75.47,1,0,5,0,189,1.033,1,1352,2.37,0.5291005291005291,2024-01,2.65
KnXCe7vwVVU,How to make Bread bajji#breadpakoda #youtubeshorts#shorts#viral,2023-12-22,40.0,20.0,50.14,0,0,8,0,184,1.0199,0,1031,1.65,0.0,2023-12,4.35
o6GotRt9u0Y,Extra crispy bhajji✨#healthierecipes24  #cauliflower #crisp #food #bhajji,2025-04-06,58.0,31.0,54.99,1,0,7,1,491,1.5866,1,813,1.6,0.2036659877800407,2025-04,1.63
4yhzbmrw2dE,Only 4 spoons ghee Besan laddu ✨🔥#shortsvideo #shortsfeed #shorts #laddu #noghee #easyrecipe,2024-08-26,57.0,26.0,46.52,0,0,10,0,172,1.253,0,2618,1.3,0.0,2024-08,5.81
kVOrthjafpo,Masala Upma/Vegetable upma #youtubeshorts#shorts#masalaupma#vegetableupma,2024-01-03,28.0,16.0,60.27,0,0,8,0,177,0.8168,0,929,1.94,0.0,2024-01,4.52
meb5R-dLcBI,Banana+mint Smoothie😋✨ #healthierecipes24 #shorts #foodvlog,2024-04-30,30.0,14.0,49.93,0,0,7,0,166,0.6663,0,359,3.06,0.0,2024-04,4.22
debfs6X1uN4,Ratha Saptami Pooja🌞💙#rathasaptami #homemade #ritual #happiness #festival #colourful,2024-02-17,25.0,15.0,61.83,1,0,10,0,209,0.7314,1,6214,0.63,0.4784688995215311,2024-02,4.78
2-C1ilNiGLg,🪔Diwali Faral Thali ✨🪔🙏,2024-10-31,57.0,29.0,51.12,2,0,7,1,255,1.3985,2,3806,2.6,0.7843137254901961,2024-10,3.14
5yZ7UXsl_A4,Immunity laddo #healthierecipes24 #hanumanjayanti,2025-04-11,286.0,43.0,15.23,1,0,7,0,161,1.9477,1,9717,1.26,0.6211180124223602,2025-04,4.35
YupRiXZ3c_k,Tapioca pudding✨🌸#tapioca #sabudanakheer  #vratkakhana   #shorts #shortsfeed,2024-01-30,34.0,15.0,45.36,1,0,5,0,151,0.6433,1,528,1.14,0.6622516556291391,2024-01,3.31
IkxXEbEW61o,(Leftover)Roti Poha #leftoverrotirecipe  #shorts#youtubeshorts #viral#trending,2023-12-23,34.0,20.0,60.29,1,0,11,0,166,0.9399,1,937,3.42,0.6024096385542169,2023-12,6.63
fZtiDuwvECA,Vegetable Saagu|South Indian Special|Mix Veg Gravy #healthierecipes24 #vegetablesaagu#saagu#ytvideo ,2025-12-22,190.0,46.0,24.72,1,0,4,0,182,2.3746,1,3822,3.79,0.5494505494505495,2025-12,2.2
ike60KTPRo0,Fresh Mango Milkshake 🥭✨#mango #milkshake#foodvlog#fyp#shorts #shortsvideo#shortsfeedunique skill,2024-05-02,34.0,14.0,41.46,0,0,12,0,144,0.5639,0,185,2.16,0.0,2024-05,8.33
mjgPCUNHN74,✨This roti doesn't need water✨ #healthierecipes24 #cucumberroti #recipe #shorts,2025-11-25,58.0,18.0,32.09,2,0,9,1,905,1.1322,2,513,3.12,0.2209944751381215,2025-11,1.1
gF83iBVp9Ck,Kokum/Amsol Saar Must try!🧡#kokum#saar#shortsvideo#youtubeshorts#trendingshorts#viral#shortsvideo,2023-12-19,26.0,15.0,59.36,0,0,10,0,211,0.6896,0,2691,2.3,0.0,2023-12,4.74
mItp2fhG2v8,I Made Instant Peda for Ganesh Chaturthi! #shorts #ytshorts #ganpati #modak #modakrecipe #mawa,2024-09-12,39.0,19.0,49.66,1,0,10,0,177,0.865,1,5074,1.14,0.5649717514124294,2024-09,5.65
5oL8g2OJKMk,EASY DAL GAJAR |Healthy & Flavorful Sabji Recipe!🌱🥕✨#shorts #carrotrecipe #carrot,2024-01-08,22.0,13.0,61.48,1,0,3,0,146,0.5049,1,1129,2.3,0.684931506849315,2024-01,2.05
tMsnAwvRDfI,SESAME Surprise✨!#shorts #viral #homemade #traditionalfood,2024-01-15,46.0,22.0,48.39,0,0,7,0,150,0.8756,0,3968,1.03,0.0,2024-01,4.67
UvjPWPkRg44,💛Dosakaya/Yellow cucumber sabji Must Try!#cucumber#trending#youtubeshorts,2023-12-18,58.0,19.0,33.11,1,0,11,0,168,0.855,1,876,3.77,0.5952380952380952,2023-12,6.55
UnXWp_GkeRM,SIMPLE Fruit chaat recipe🤩❤️✨#shorts #fruitsalad #fitness #fit #viral #healthy #fruitchaat,2024-02-16,34.0,11.0,35.07,0,0,6,0,136,0.4474,0,480,1.04,0.0,2024-02,4.41
nXZijtuO_8c,Instant Sweet potato Recipe|easy#recipe#food #shorts #breakfast,2024-11-11,41.0,18.0,43.94,1,0,7,0,134,0.661,1,1687,1.96,0.7462686567164178,2024-11,5.22
-3cdeJ9H6rU,Pav Bhaji pulav!? #tawapulao#youtube#shorts#leftoverricerecipe#ytshorts,2023-12-22,41.0,20.0,50.27,0,0,16,1,149,0.848,0,441,2.95,0.0,2023-12,11.41
QlVueEO7D1I,SabuVada!#sabudanavada#youtubeshorts#food#shortsvideo#viralshorts#trending#viral#india#tasty,2023-12-17,56.0,25.0,45.34,1,0,13,0,145,1.0159,1,366,4.64,0.6896551724137931,2023-12,8.97
IHZJk661xj4,Rava Dosa😁#suji #fypviral #shorts #shortsfeed #foodvlog #foodievlog #viral,2024-04-19,50.0,18.0,37.4,0,0,6,0,121,0.6238,0,247,1.21,0.0,2024-04,4.96
C9dhKOxGKIg,Sabji Saga: Bite1 -  Healthy Radish#healthierecipes24 #radish #sabji #sabjisaga #shorts,2025-02-08,55.0,21.0,39.44,0,0,4,0,138,0.7633,0,1610,1.8,0.0,2025-02,2.9
Y3c0ipj9-qM,Instant Mix Flour Dosa#mix#flour#dosa#dosabatter#instantdosa#shorts#viral#youtubeshorts,2023-12-29,43.0,22.0,53.22,1,0,5,0,121,0.7518,1,341,2.35,0.8264462809917356,2023-12,4.13
jnJZWxSY0UI,Yumm Maharashtrian masale bhat#simple #masala#rice#shorts#trending#viral#food#masalebhat#quickdinner,2023-12-28,37.0,17.0,48.38,0,0,6,0,116,0.5675,0,4077,0.78,0.0,2023-12,5.17
m-KWgMRlasI,Trust God's timing✨ #healthierecipes24 #trust #faith #godsplan #shortsviral #love,2025-03-30,14.0,16.0,115.08,1,0,8,1,182,0.5396,1,475,1.68,0.5494505494505495,2025-03,4.95
cNUBopm0AOg,Corn recipes #sweet#corn#youtubeshorts#viral#trending#shorts#cornrecipe#easyrecipe,2023-12-30,29.0,15.0,54.26,0,0,8,0,121,0.5247,0,281,1.78,0.0,2023-12,6.61
kMV_stpEp-4,Flavours of India in every layer✨🇮🇳#tricolorsalad #republicday #healthierecipes24 #shorts,2025-01-26,156.0,16.0,10.81,0,0,5,0,115,0.5216,0,842,0.71,0.0,2025-01,4.35
xOWiat11qOw,Alia Bhat's Favourite dessert✨ #healthierecipes24 #nooven #recipe #shortsfeed,2025-05-31,60.0,23.0,39.88,0,0,8,1,543,0.9571,0,776,1.68,0.0,2025-05,1.66
wBH3Oo6t1Wc,Chawal KHEER🤤✨#shorts #kheer #food #ricekheer #homemade #ytshorts #creamy #피아노 #음악 #piano,2024-02-13,57.0,21.0,38.4,0,0,9,0,113,0.6754,0,260,1.15,0.0,2024-02,7.96
i9eQD2EJaIM,"🥰Til, Gud Ghya Ni God God Bola✨#haldikumkum #healthierecipes24 #viralvideo",2025-01-23,52.0,17.0,33.14,0,0,6,0,123,0.5487,0,886,0.9,0.0,2025-01,4.88
LhXDJ_uym38,Tricolour Poha Recipe|Republic day special|Easy Tricolour recipes#republicday#tricolourpoha,2025-01-24,217.0,50.0,23.21,1,0,4,0,117,1.6367,1,2553,3.6,0.8547008547008548,2025-01,3.42
EF8FqYjiKFA,The quickest Sabji ever #healthierecipes24 #recipe #shorts #sabji,2025-09-11,51.0,22.0,44.07,0,0,9,0,408,0.8017,0,791,2.02,0.0,2025-09,2.21
bZLPY3GGh_U,🤯Masala Chaas with no masala✨#buttermilk #ytshorts #food #healthierecipes24 #fyp #herway #music,2024-04-01,54.0,18.0,34.65,0,0,8,0,107,0.5561,0,305,2.3,0.0,2024-04,7.48
KKVg2J0tnQs,Easy Papad Making recipe|Step by Step|Easy and Crispy(homemade papad|easy papad recipe),2024-04-23,251.0,53.0,21.39,2,0,1,0,113,1.6852,2,2320,4.44,1.7699115044247788,2024-04,0.88
NtEJCjkKBbw,"Sabji saga: Bite 4 ""Easy peasy Potato#healthierecipes24 #sabjisaga #shortsvideo",2025-02-19,42.0,20.0,51.08,0,0,8,0,127,0.6397,0,859,2.68,0.0,2025-02,6.3
69jK7UGqIbc,Karnataka special Rotti #healthierecipes24 #recipe #akkirotti #shorts,2025-04-25,58.0,29.0,50.2,2,0,7,0,423,1.0366,2,1772,1.86,0.4728132387706856,2025-04,1.65
hStGHJGndgE,Ugadi Traditional recipe ✨🥭#ugadi#gudipadwa #happynewyear #shorts #shortsyt #fyp #fypyoutube,2024-04-09,51.0,22.0,43.36,0,0,12,0,118,0.6478,0,1380,1.16,0.0,2024-04,10.17
UUpwQII73Ko,Pachak Lemon Pickle #healthierecipes24 #achaarrecipe #pachakam,2025-04-16,369.0,77.0,20.95,1,0,5,0,106,2.2763,1,6361,1.35,0.9433962264150944,2025-04,4.72
rSwW5DtmY2U,Instant Chutney 🔥#food #chutney #cooking #viralvideo #shortsvideo #shortsfeed #shorts,2024-11-17,47.0,30.0,65.93,0,0,4,0,117,0.8991,0,7887,0.27,0.0,2024-11,3.42
gCBSCTTBN2s,🎃Jack-o'-lantern🎃#healthierecipes24 #food #halloween #jackolantern #pumpkin#shorts,2025-10-29,48.0,11.0,23.67,1,0,8,0,603,0.5183,1,533,1.69,0.165837479270315,2025-10,1.33
P5qHkjpc61g,✨PHOOL Gobi#shorts #gobi #cauliflower #recipe🥦,2024-02-01,47.0,18.0,38.4,0,0,9,0,104,0.5214,0,1779,0.28,0.0,2024-02,8.65
_0wnTAhaM0U,Indian street food: Pav Bhaji| Street food|Chaat #pavbhaji #healthierecipes24,2024-05-10,140.0,35.0,25.24,0,0,0,0,98,0.9618,0,2020,4.7,0.0,2024-05,0.0
2Z7N7-ai5HI,😋LIP SMACKING✨#misalpav  #shorts #viral #streetfood #india #trending,2024-01-09,52.0,16.0,32.69,1,0,3,0,94,0.44,1,387,0.52,1.0638297872340423,2024-01,3.19
POLoXipA1Xs,Ragi Ambil! #summerdrink  #beattheheat #youtube,2024-03-15,97.0,33.0,34.87,1,0,4,0,109,1.024,1,2474,3.07,0.9174311926605504,2024-03,3.67
gRSFIX20rNw,Saviyan maggi#healthierecipes24 #food #seviyanmaggi #maggi #shorts,2025-05-20,40.0,19.0,47.54,0,0,5,0,428,0.6407,0,374,0.8,0.0,2025-05,1.17
NBu_exusL-A,EASY KAJU CURRY ✨🤤🍛 #shorts #youtubeshorts #food #kajucurry,2024-03-01,57.0,20.0,35.56,1,1,7,0,101,0.547,0,818,1.34,0.99009900990099,2024-03,6.93
l5HjAqeFgqM,Mamma's Special #food #drumsticks #curry #youtubeshorts #fyp #foryou,2024-03-21,52.0,22.0,42.42,0,0,9,1,95,0.5644,0,764,1.31,0.0,2024-03,10.53
zld7ZGwllQY,Easy way to make Appam at home✨ #healthierecipes24  #appam #palappam #food #keralafood #recipe,2025-02-03,227.0,54.0,24.05,0,0,5,0,95,1.4406,0,1544,4.99,0.0,2025-02,5.26
p3t4_-G01VQ,Ganpati Bappa morya ✨🥰🙏🏻🌼 #ganeshchaturti2024 #ganeshchaturthi'24 #ganapatibappamorya #food #shorts,2024-08-31,21.0,11.0,53.44,0,0,9,0,93,0.2817,0,570,2.46,0.0,2024-08,9.68
OrRMlMqKaoU,Navratri Day 1 Prasad 🌼#navratri2024 #navratrispecial #food #ghee#shorts,2024-10-03,31.0,17.0,57.72,0,0,5,0,111,0.4623,0,1908,2.31,0.0,2024-10,4.5
u7xd9YyrKeg,Corn Roti/Makke Ki Roti#youtubeshorts #makkediroti #healthylifestyle,2023-12-16,35.0,17.0,50.28,0,0,10,0,99,0.4839,0,159,3.77,0.0,2023-12,10.1
3Fc8dw2Xs1Q,Homemade fat loss drink by Gym coach Nitesh✨#shorts#fatloss#fitness#heathylifestyle,2024-07-13,17.0,16.0,98.8,0,0,8,1,121,0.4532,0,1209,2.89,0.0,2024-07,7.44
fK9OhYDdkvA,Instant Palak paneer recipe #palakpaneer #sundayspecial #lazysunday #music,2024-07-28,60.0,36.0,61.33,0,0,8,0,90,0.9199,0,2591,1.62,0.0,2024-07,8.89
AuwEGrj8ot8,Childhood memories #recipe #recipe #food #healthierecipes24 #ragdapattice #streetfood #easyrecipe,2025-08-19,57.0,20.0,36.28,1,0,9,0,301,0.5627,1,448,0.89,0.3322259136212624,2025-08,2.99
nCaRHi8y2l0,Wheat 🌾 Panjiri|Ram Navami Special|Traditional Sweet #ramnavami #traditionalsweets,2024-04-16,72.0,37.0,51.93,0,0,2,2,89,0.9244,0,1171,5.38,0.0,2024-04,4.49
WR6KPiF7QKY,Exotic twist: Spicy mango chutney 🌶️🔥✨#shorts #rawmango #foodvlog #healthierecipes24 #fyp #shorts,2024-04-19,24.0,12.0,52.39,0,0,8,0,87,0.2906,0,295,1.02,0.0,2024-04,9.2
MBlVujQh6J0,Easy Mawa Paratha #mawaparatha #recipe#tastyrecipes#shorts#ytshorts,2025-04-20,61.0,20.0,34.35,0,0,5,0,265,0.5606,0,1020,2.45,0.0,2025-04,1.89
ZdGSSEsNkUw,No Sugar Gulab jamun #healthierecipes24 #recipe #jaggery #gulabjamun #shorts,2025-09-12,56.0,29.0,51.84,0,0,8,0,492,0.8203,0,984,2.24,0.0,2025-09,1.63
9PMAOWLzrFs,onion mango chutney🌶🔥#shorts #food#chutneysouth indian onion chutney,2024-05-25,34.0,15.0,44.19,0,0,7,0,91,0.3572,0,1125,1.07,0.0,2024-05,7.69
Nc0Ta_aG2XY,Must Try this yummy Quick Amla Chutney #youtubeshorts #amlachutney #healthylifestyle,2023-12-16,44.0,22.0,50.38,0,0,9,0,80,0.4926,0,103,1.94,0.0,2023-12,11.25
XFcrYmQXLgA,Shubh Deepawali 🪔✨#healthierecipes24 #food #diwali #diwalispecial #diwali2025,2025-10-20,46.0,15.0,34.23,0,0,10,0,800,0.5614,0,391,0.77,0.0,2025-10,1.25
kMif2PUgn_Q,Banana Hearts🥰 #healthierecipes24 #recipe #fries #shorts,2025-06-04,50.0,24.0,48.11,1,0,7,0,325,0.5768,1,702,2.56,0.3076923076923077,2025-06,2.15
z2L-1F-5ZxY,Maharashtrian bhaat?#healthierecipes24 #food #masalebhat #shorts,2025-03-06,95.0,35.0,37.38,0,0,7,1,94,0.7765,0,442,3.85,0.0,2025-03,8.51
FdzLuwA12aA,Tasty Quick and easy Sweet Potato snack!Must Try#sweetpotato#trending#healthylifestyle#youtubeshorts,2023-12-13,34.0,17.0,52.83,0,0,11,0,106,0.5108,0,217,10.14,0.0,2023-12,10.38
yFO_Myle85g,Sankranti Special| Complete Bhogi Thali Recipe|HealthieRecipes24#healthierecipes24 #sankranthi,2026-01-13,362.0,42.0,11.64,0,0,2,1,71,0.8312,0,2206,2.81,0.0,2026-01,4.23
oOWXoB6NQmA,Palak Roti|Green roti|Nutritious Healthy Easy meals! #spinach#paratha#healthyfood #fyp,2024-03-22,149.0,54.0,36.85,0,0,2,0,72,1.0982,0,2427,2.47,0.0,2024-03,2.78
Gy92qQt5xbQ,🎀Bow Snack ✨#healthierecipes24 #snacks #bowsnack #shorts #crispy #food,2025-09-08,49.0,18.0,37.77,0,0,6,1,362,0.4864,0,530,2.26,0.0,2025-09,1.93
XmkD3bzdtyA,"One Thali, All Vrat Recipes✨#healthierecipes24 #vratthali #vrat #upvasrecipe",2025-02-27,591.0,100.0,16.99,0,0,6,0,72,2.0076,0,2212,2.67,0.0,2025-02,8.33
wODM_g2wBrA,Veg Korma thali✨🔥#korma #thali #puri #indianfood #fyp #shortsyt #viralnow #wecantbefriends,2024-04-02,58.0,20.0,35.89,0,0,8,0,69,0.3831,0,414,1.21,0.0,2024-04,11.59
yTvDfNFnx4E,Healthy Cluster Beans/Gavar beans! #shorts#clusterbeans           #food#viral#easyrecipe,2024-01-09,31.0,18.0,58.2,0,0,4,0,80,0.3525,0,701,2.14,0.0,2024-01,5.0
bWelf4VbNDA,THALIPEETH|Full Healthy Breakfast|Maharastra breakfast#thalipeeth#healthierecipes24thalipeeth recipe,2024-05-11,189.0,59.0,31.66,1,0,2,0,69,1.1467,1,2931,2.01,1.4492753623188406,2024-05,2.9
XEgo_QNc-NY,Quick Yummy Amla Chutney#youtubeshorts #trending#amlachutney #amla,2023-12-16,38.0,15.0,40.32,0,0,11,0,63,0.2681,0,146,4.79,0.0,2023-12,17.46
X_9K3BcTQlQ,"May 2, 2025",2025-05-02,6.0,12.0,204.61,0,0,7,0,521,0.3444,0,302,0.99,0.0,2025-05,1.34
s8W5VIuP_ps,Guilt free halwa!#healthierecipes24 #halwa #guiltfree,2025-04-19,58.0,23.0,40.74,0,0,6,0,236,0.4781,0,847,2.48,0.0,2025-04,2.54
KIDSLC3inak,Frankie🌯✨ #newsong #midnight #cravings #shorts #vairal,2024-07-21,58.0,14.0,25.54,0,0,8,0,57,0.2269,0,440,2.5,0.0,2024-07,14.04
MfZCqG0ZStc,Padwa celebration🏡✨♥️🥭 #festivevibes#rangoli #festivalfoods#aamras #shortsyt#indiandrillbeat,2024-04-10,49.0,24.0,50.48,0,0,9,0,67,0.3943,0,1342,1.19,0.0,2024-04,13.43
IWk9rwyRt4I,Prasad thali special|Festival thali #navami #jaishreeram #prasadthali #healthierecipes24viral video,2024-04-17,320.0,30.0,9.6,0,0,3,0,60,0.5123,0,1130,4.34,0.0,2024-04,5.0
lx8dRip74fg,Masala Okra|Easy Bhindi sabji in 2mins #okra #bhindirecipe #foodvlog #healthierecipes24bhendi fry,2024-05-01,100.0,45.0,45.68,0,0,3,0,58,0.736,0,2276,2.2,0.0,2024-05,5.17
BTavDx17KF0,💜Purple chutney💜 #food #healthierecipes24 #purplechutney #shorts,2025-05-15,28.0,14.0,52.56,0,0,5,0,248,0.3021,0,637,1.41,0.0,2025-05,2.02
PX429VLcPRM,aloo methi Pakodas ✨#healthierecipes24 #recipe #pakoda #fry #shorts #snacks,2025-11-27,59.0,146.0,248.96,0,0,10,0,226,2.3481,0,469,2.77,0.0,2025-11,4.42
BM2bdkY7oJA,Ragda Pattice|Chaat special Recipe #healthierecipes24#ragdapattice,2024-04-12,158.0,39.0,24.69,0,0,2,0,52,0.5634,0,1682,2.32,0.0,2024-04,3.85
xbRxRyfdiJk,"""Flavors of India in Every Layer!""#republicday #tricolorsalad #jaihind #shorts",2025-01-25,29.0,75.0,260.96,0,0,5,0,63,1.1576,0,896,1.34,0.0,2025-01,7.94
7dTCjJUu6wU,🪔5 EASY Diwali Snacks recipes ✨,2025-10-13,287.0,44.0,15.64,0,0,6,0,47,0.586,0,1210,2.73,0.0,2025-10,12.77
3hbh2gcbyOk,Jaggery Halwa ✨ #healthierecipes24 #easyrecipe #food #goviral #shorts,2025-05-27,58.0,27.0,47.06,0,0,7,1,110,0.3312,0,546,1.83,0.0,2025-05,7.27
rpDswn0-uBQ,Ukadiche Modak✨😋🥰🌰#ganeshfried modaksteamed modak#shorts #food,2024-06-25,20.0,12.0,62.94,0,0,6,0,52,0.1539,0,619,2.58,0.0,2024-06,11.54
aPmUnl3dbPc,Secret Masala Khichdi recipe✨#healthierecipes24 #youtubevideo #recipe #masalamoongdalkhichdi,2025-11-15,228.0,30.0,13.22,0,0,11,0,58,0.4857,0,952,2.42,0.0,2025-11,18.97
Se8bkj-_wss,2 ways to cook Turai sabji and Chutney|Ridge gourd  #healthierecipes24 #ridgedgourd,2024-03-27,217.0,49.0,22.74,0,0,2,0,39,0.5346,0,771,3.24,0.0,2024-03,5.13
87AJ9XiB_7Q,9 Days 9 recipes | Navratri recipes #navratri #healthierecipes24 #9daysofnavratri ,2025-09-25,447.0,68.0,15.26,1,0,3,0,47,0.8908,1,862,3.36,2.127659574468085,2025-09,6.38
h_Jce2-xI_w,Kanda Bhajji✨🤤🔥 #kanda #bhajji #bajji #shorts #shortsfeed #foodvlogKanda bhajjifood vlogtea time,2024-04-29,57.0,20.0,35.42,0,0,7,0,37,0.2026,0,216,1.39,0.0,2024-04,18.92
d-M01eYymmM,Quickly try this Potato DUM Subji|Dum Aloo| Easy tips#shorts #dumaloo #recipe,2024-10-20,250.0,56.0,22.6,0,0,3,0,36,0.5649,0,1635,1.77,0.0,2024-10,8.33
N64YIyKrexg,Aamras🥰✨#healthierecipes24 #aamras #lifeisbutadream #food #recipe,2025-05-14,34.0,14.0,41.88,1,0,5,0,208,0.1786,1,311,0.64,0.4807692307692308,2025-05,2.4
ZO1oeFuHw-k,Veg High protein meal by Viral Gym coach Nitesh#motivation #fitness #healthylifestyle #protein #fyp,2024-07-15,29.0,21.0,74.72,1,1,5,0,35,0.2048,0,356,1.69,2.857142857142857,2024-07,14.29
5OaFjFv8GEs,Rice paste kheer | Easy Dessert Ideas #kheerrecipe  #ricekheer,2024-02-13,93.0,40.0,43.63,0,0,2,0,31,0.3494,0,772,2.72,0.0,2024-02,6.45
qTeQMhQhZtw,Quick tikki chaat #healthierecipes24 #food #tikkichaat #alootikki #shortvideo,2025-05-23,38.0,28.0,73.71,0,0,5,0,99,0.2409,0,598,0.84,0.0,2025-05,5.05
hdFF9bJeLkQ,Quick Sprouts dosa| Pesarattu| Instant chutney #pesarattu #moongdalrecipe #dosa #foryou,2024-04-03,91.0,45.0,49.53,0,0,1,0,26,0.3256,0,1032,2.23,0.0,2024-04,3.85
lKHolP1l4FY,Crispy small Corn Lolipop#healthierecipes24 #babylollies #food #short #newyearrecipe #shorts,2025-12-15,51.0,24.0,47.82,0,0,4,0,175,0.3578,0,532,2.07,0.0,2025-12,2.29
BvlL7klnKn8,Kadhi recipe for beginners✨🤌🏻😋 #kadhi #easyrecipe #healthierecipes24 #foodvlog easy recipes,2024-04-25,92.0,45.0,49.37,0,0,2,0,23,0.2902,0,1645,1.16,0.0,2024-04,8.7
MhUBYnQKHPI,Easy Upma recipe ✨ #shorts #upma #easyrecipe #comfortfood #trending,2024-02-06,46.0,19.0,43.19,0,0,4,0,26,0.138,0,759,0.66,0.0,2024-02,15.38
9nQ9ia15IpQ,Muskmelon|Healthy Summer drink|Fresh Juice#fruit #muskmelon#seasonal#homemade,2024-04-06,63.0,28.0,45.71,0,0,6,0,182,1.4557,0,497,2.62,0.0,2024-04,3.3
7ZZgnbX6snA,Mixed flour roti✨💪🏻#breakfast#healthierecipes24 #viral#fypシ#shorts food vlog,2024-05-12,51.0,40.0,80.0,0,0,8,0,25,0.2393,0,387,0.52,0.0,2024-05,32.0
Z8iEhLHTXrA,✨Very First Vlog🪔Diwali Vlog ✨🪔#diwali #healthierecipes24 #diwalispecial #diwalivlog ,2025-10-20,339.0,68.0,20.26,0,0,5,0,15,0.2861,0,408,1.47,0.0,2025-10,33.33
sTKzL-_X6IE,Nature heals🌼😇 #healthierecipes24 #nature #earlymorning #bliss,2025-04-15,16.0,22.0,138.63,0,0,5,0,42,0.0777,0,380,0.79,0.0,2025-04,11.9
atxvysnEEDs,Easy Upma#healthierecipes24 #shorts #tomato #upama #breakfast,,45.0,31.0,70.49,0,0,1,0,17,0.0804,0,5,0.0,0.0,,5.88
aAtYJhP8gU4,Appeal to YouTube,,245.0,56.0,23.18,0,0,0,0,6,0.0947,0,0,,0.0,,0.0
QrfaYIp4r2s,Crisp Comfort Sandwish#healthierecipes24 #food #recipe #sandwich #comfortfood,,40.0,25.0,64.33,0,0,1,0,5,0.0219,0,23,0.0,0.0,,20.0
6OeaaAOahfg,Sev Tamatar sabji✨#healthierecipes24 #sevtamatarkisabji #recipe #shorts,,44.0,28.0,63.86,0,0,1,0,21,0.0809,0,4,0.0,0.0,,4.76
82qw_x2L-bo,"August 25, 2025",,33.0,19.0,59.39,0,0,0,0,3,0.0109,0,6,0.0,0.0,,0.0
kSbJ9gsdZnQ,Tadka Pan dosa#healthierecipes24 #food #shorts #tadkapandosa#dosa,,59.0,57.0,97.85,0,0,1,0,25,0.1003,0,2,0.0,0.0,,4.0
Mzgt4Eya9ps,"February 5, 2025",,95.0,7.0,8.37,0,0,1,0,2,0.0044,0,3,0.0,0.0,,50.0
Dmz63VI2YEo,"October 26, 2025",,66.0,14.0,22.58,0,0,0,0,3,0.0094,0,20,5.0,0.0,,0.0
g5YVTPBgQ2Y,Potato Crispy #healthierecipes24 #snacks #recipe #shorts #batatachivda,,58.0,13.0,22.54,0,0,1,0,14,0.0279,0,4,0.0,0.0,,7.14
GNelK8DT6Dw,Nutella Cheese Toast🌰#healthierecipes24 #food#shorts#nutella #nutellacheesetoast,,41.0,34.0,84.29,0,0,1,0,18,0.0501,0,3,0.0,0.0,,5.56
