Content,Video title,Video publish time,Duration,Average view duration,Average percentage viewed (%),Unique viewers,Subscribers gained,Subscribers lost,Likes,Comments added,Views,Watch time (hours),Subscribers,Impressions,Impressions click-through rate (%)
Total,,,,0:00:20,75.81,0,6343,1555,107526,272,6326268,33261.3854,4788,10017488,5.49
lJ_t4-04vIU,Do you eat Appam everyday? B'coz its delicious!!#shorts #shortsfood#appam #southindianfood,"Sep 21, 2024",15,0:00:15,104.85,,1867,303,50144,68,2876998,11400.9359,1564,5893112,4.93
5XPm8BWaU2w,Alia Bhatt And Gal Gadot had this same craving to eat🤩🥪 #aliabhatt #galgadot #sandwich #shorts,"Nov 24, 2024",30,0:00:23,77.07,,1336,341,28682,45,1575327,10106.8591,995,1757274,7.8
lnGSJO9ewqI,Fast relief from Period Pain#beerbiceps #trs #periodpain #ayurveda #shorts,"Dec 13, 2024",34,0:00:21,61.9,,909,39,7710,4,476393,2780.039,870,38244,3.24
6JAk6ZDhaks,Benefits of eating Bajra #healthierecipes24 #shorts #bajraroti,"Jan 16, 2025",59,0:00:35,59.9,,634,8,3713,13,288780,2491.9118,626,442707,8.7
KOg4ZBO2aYs,"Parineeti or Raghav, who likes Paratha??#shorts #raghavchadha #aapkiadalat #parineetichopra","Dec 8, 2024",61,0:00:27,45.59,,90,10,474,1,49751,381.9328,80,29098,4.9
Nxim5_yApXc,Raj Thackeray's Most favourite Vada😋✨👌🏻 #sabudanavada #shorts #viralvideo #food #rajthackeray,"Nov 19, 2024",44,0:00:25,59.06,,64,0,354,1,39595,283.7245,64,7611,5.16
ZiIDnwPS24c,Megastar Chiranjeevi’s Veg Treat for Keerthy!#shorts #vegfood #southindianfood #shortsfeed,"Nov 25, 2024",35,0:00:27,78.93,,49,0,661,2,32369,244.2979,49,28915,2.29
nyItwEF_2bc,Benefits of eating Raw Banana💚#healthierecipes24 #rawbananarecipe #food,"Mar 13, 2025",64,0:00:46,72.95,,57,0,585,3,48674,426.208,57,196060,10.58
OdwuSPylSyg,Abs are made in the kitchen🏋🏻‍♂️👨🏻‍🍳#shorts #fitness #healthierecipes24 #bajraroti,"Jan 21, 2025",55,0:00:28,51.39,,42,3,156,0,25225,196.6493,39,4974,4.3
6wuXx2UMls4,Celebrities that love Bengali Puchka/Fuchka #healthierecipes24 #puchka#bollywood,"Mar 4, 2025",59,0:00:39,67.06,,20,1,631,4,23583,243.0377,19,15249,7.38
3Q5N9tXAqcM,Paan Banaraswala🔥🍃✨ #kbc #shorts #food #amitabhbachchan #paan,"Jun 24, 2024",35,0:00:28,81.35,,19,1,477,0,20186,158.1531,18,4586,3.23
Mku1DEZN4LM,Wamiqa Gabbi & Rajkumar Rao love maggi🍜 #healthierecipes24,"May 24, 2025",40,0:00:27,69.6,,21,0,257,1,34465,151.6504,21,7993,7.39
eAH4bcrqzCM,✨Bhaji with Jackie Shroff & Farah Khan✨#healthierecipes24 #pattokibhaji #food,"Oct 30, 2025",60,0:00:39,66.54,,17,0,476,0,30716,208.7622,17,18434,8.99
51m1H0JiCMI,Rodies Prince makes paratha♥️✨ #healthierecipes24 #paratha #yuvikachaudhary #princenarula,"Mar 24, 2025",60,0:00:34,57.33,,15,3,370,1,18411,169.1408,12,5992,4.31
eJusIuE6QNE,Homemade Cashews!#healthierecipes24 #why #food #cashew,"Mar 28, 2025",60,0:00:41,69.38,,26,4,569,9,19090,183.8177,22,5406,2
uYSLIR9GHgQ,Gud Ghee Roti😋✨#short #shortsyoutube #food #bollywood,"Jun 20, 2024",8,0:00:11,146.73,,17,0,86,0,15369,47.8433,17,6873,3.56
_YPraqTYbjw,Janvi Kapoor's Monsoon favourite🔥😋#shorts #janvikapoor #southfood monsoon special,"Jul 24, 2024",24,0:00:20,84.62,,9,1,245,0,12663,70.7515,8,5377,5.9
qw4Ylq93Zns,Aishwarys Rai shares memory of making paranthe #food#parantha #aishwaryaraibachchan,"Dec 4, 2024",43,0:00:18,42.16,,20,0,59,1,12293,61.3848,20,4599,4.76
tZCxHieZE0s,Khushi Kapoor likes eating Appam with coconut milk ✨#healthierecipes24 #shorts #khushikapoor,"Jan 28, 2025",55,0:00:25,45.68,,10,0,159,0,12174,83.838,10,10128,4.85
8z8QCuAjNwc,✨Ananya Pandey is Cheese Cheese person🧀#shorts#ananyapandey#dosa#ytshorts#healthierecipes24,"Sep 19, 2024",33,0:00:14,43.74,,19,1,82,0,11202,44.1448,18,18208,2.59
GwgV861FMGM,Gym Coach Nitesh's workout tip#shorts#shortsfeed#shortsviral#workout@theniteshfitnessempire85,"Jul 7, 2024",20,0:00:23,118.45,,30,3,762,3,12512,73.905,27,1645,2.67
r08sjZqTggg,Vicky kaushal's fav Gud ki Lassi✨😋#shorts #vickykaushal #food #lassi #shortsfeed #trending #viral,"Jul 1, 2024",18,0:00:16,90.31,,10,0,203,0,10742,47.9113,10,2803,5.67
C7lFlmbuRI0,Rajkumar Rao's Childhood favourite Cheeni ka paratha #paratha#sugar #shortsvideo#shortsviral#shorts,"Jul 5, 2024",31,0:00:25,83.46,,8,1,121,2,10626,75.7022,7,1337,3.59
IZtfsOxMvRs,Alia Bhat's favourite recipe#healthierecipes24 #aliabhatt #shorts,"Apr 9, 2025",56,0:00:36,64.76,,9,0,271,1,16891,108.6777,9,3024,2.74
xRYFUOyno8A,Sai Pallavi's Favourite Kerala Dish #pazhampori #keralafood #saipallavi #pazhamporirecipe#shorts,"Nov 6, 2024",21,0:00:16,76.4,,8,0,82,0,11002,46.9191,8,26361,2.86
a2VziN6s9Kw,Kareena Kapoor's favourite Khichdi & achar😋🤌🏻#shorts #shortsfeed #shortsviral #food #bollywood,"Jul 6, 2024",34,0:00:24,71.24,,14,0,125,0,10495,70.2764,14,2618,4.28
z8zAf2vmIOg,Ranbir Kapoor loves Bhajiya Pav😋✨ #bollywood #ranbirkapoor#food#pav #bajji #shorts #shortsfeed,"Jul 13, 2024",18,0:00:15,87.97,,7,1,209,2,9961,43.3202,6,3281,3.35
LuIEesVTHX0,Janhavi's fav tadke wala dahi✨ #dahitadka #shortsviral #janhavikapoor,"Aug 22, 2024",19,0:00:18,96.31,,8,4,381,0,9812,49.537,4,1886,4.4
 -l3YwAw5D6w,Simple Dal Chawal ✨🌼#rohitsharma rohit sharma #cricket #food #favoritefood #shortsfeed #shorts,"Jul 1, 2024",18,0:00:17,96.59,,7,0,301,1,9505,45.7023,7,1107,2.53
k88p4_1mU_w,Curd rice✨🍚 #healthierecipes24 #curdrice #foodvlog #shorts #shortsviral #food Orry's fav curd rice,"Jun 19, 2024",19,0:00:16,87.97,,3,0,128,1,9324,43.0661,3,1501,1.33
Xr-zBFxddug,R Madhavan's favourite Vada✨🔥#healthierecipes24 #rmadhavan #vada #shorts #food,"Feb 17, 2025",59,0:00:33,57.26,,9,1,137,2,9069,84.7166,8,2367,4.69
xAPix_TMbG4,Nitin Gadkari's favorite dish! #nitingadkari #foodie #recipe #shorts #short #healthierecipes24,"Aug 7, 2024",35,0:00:27,78.56,,9,0,130,0,8866,67.1606,9,5176,2.11
_HD_MMPJW3k,Keerthy Suresh loves only DOSA🥰🔥✨ #tamil #cinema #tamilstar #keerthysuresh #shorts,"Nov 16, 2024",42,0:00:23,55.94,,15,1,156,0,8566,55.5968,14,4488,2.09
AzcZqkjgaAg,Ranveer Allahbadia tries khotte idli #beerbiceps #ranveerallahbadia #mysorecafe #shorts #food,"Nov 8, 2024",40,0:00:18,46.82,,6,0,67,3,8873,45.2206,6,34986,4.55
QCV9_MOZ8F8,Janhavi Kapoor's loves Mawa parantha#shorts #janhavikapoor #curlytales #ytrecipe,"Sep 29, 2024",26,0:00:18,70.53,,10,2,85,0,7937,39.7161,8,7854,4.43
N_kUQGFgMk4,Malaika Arora's Favorite Thai Curry and rice #thaicurry #malaikaarora #food #shorts,"Dec 22, 2024",39,0:00:16,41.85,,7,2,59,0,7785,34.4451,5,7200,4.65
RgNZRHUqs_M,This is Virat Kohli's Comfort food✨ What's yours?😋 #shorts#viratkohli,"Jul 12, 2024",49,0:00:29,60.87,,3,0,191,2,7655,63.2356,3,2978,6.21
BA0xJ6uHN1o,Pani Puri is the winner🥇#panipuri #healthierecipes24 #chefsanjeevkapoor,"Mar 22, 2025",27,0:00:22,83,,5,1,67,0,7838,47.4325,4,802,5.49
Tk9M2mihXdA,Actor Avneet Kaur Love Kacchi Kairi! #healthierecipes24 #avneetkaur #shorts,"Apr 13, 2025",36,0:00:23,64.94,,5,1,55,0,14639,49.0118,4,13758,1.42
VSOuLAkVS-M,✨How to toast Sesame🤍 #sesame #seeds #tipsandtricks #food #howto,"Mar 19, 2024",40,0:00:29,74.15,,10,1,92,3,10197,60.8611,9,49829,9.34
1qQ8Hn8n4sc,Tasty Instant idli|Idli History🍛#idli#healthierecipes24#shortsinstanttastyyummyfood vlog,"Jun 17, 2024",44,0:00:23,54.41,,6,1,101,0,6629,43.8249,5,15950,0.8
SSsk9EFzPCc,Neha Kakkar's love for bread and jam✨🤩#nehakakkar #shorts #breadjam #indianidol,"Nov 26, 2024",20,0:00:15,78.36,,11,0,51,0,6444,27.6795,11,4993,2.3
YOE5BSeMOIQ,Shruti Hassan's recipe of Thakkali thokku#healthierecipes24 #shrutihaasan #recipe #shorts,"Aug 16, 2025",60,0:00:30,51.55,,3,1,58,0,10632,56.7116,2,7667,5.88
bZP1lrXpZAo,Modi Ji's Millets Solution: Combatting Malnutrition Made Simple!✨#narendramodi #millets#shortsvideo,"Aug 8, 2024",61,0:00:35,58.65,,8,0,175,2,8085,63.1416,8,43753,6.98
hAyOL6IUrog,✨🔥Legendary Rekha Ji on Kapil Show😍#dalfulka #dalroti #thegreatindiankapilshow #rekha #shorts,"Dec 10, 2024",23,0:00:16,69.81,,6,0,37,0,5942,26.291,6,4310,2.92
jyGdokDEcmY,Actor R.Mahadevan has this nutritious breakfast✨ #bollywood #food#kanji#breakfast#nutrition,"Jul 14, 2024",32,0:00:14,46.7,,3,0,39,0,5908,24.0765,3,2397,4.13
1Yv_64GIFXY,Kajol's favourite Malai rice✨🍚😋#food #malai #rice #kajol viral shorts shortsfeed food vlog #trending,"Jul 1, 2024",22,0:00:17,79.27,,7,1,72,0,5850,27.8353,6,3140,6.88
_QMuL1ryNa8,ROTIZZA RECIPE🔥🍕✨#rotizza #neenagupta #kareenakapoorkhan #recipe #shorts,"Nov 22, 2024",61,0:00:31,51.34,,4,0,88,1,5701,49.3981,4,7026,1.67
4P3Yuisu9X4,Discover Shahid Kapoor's Love for South Indian Utthappam!#shorts #shotsfeed #shahidkapoor,"Jul 26, 2024",18,0:00:11,66.5,,5,0,46,1,5695,18.8567,5,1444,1.25
U52LMlZPzSI,"Yami Gautam's love for ""Chamba Ka Rajma""✨#yamigautam #chambakarajma #shorts #food #foryou","Nov 10, 2024",44,0:00:13,30.17,,13,1,31,0,5259,19.3045,12,2810,2.92
6ll1sZYsMwc,Jackie Shroff's Special Chai recipe#jackieshroff#food#shorts #ytshorts#chai #tea,"Sep 18, 2024",30,0:00:21,70.57,,10,1,114,0,7001,31.8752,9,16783,7.89
YaOAxAfvbPQ,R Madhavan's favourite breakfast ✨🤌🏻#shorts #rmadhavan #food #kuzhipaniyaram,"Sep 22, 2024",28,0:00:19,68.39,,3,0,100,0,5238,27.2389,3,7646,4.67
HV9Xq3lYTyw,Diljit's Favourite Poha😋✨Kanda poha#favoritefood #shorts#shortsfeed#foodvlogdaily vlogtasty,"Jun 18, 2024",30,0:00:18,60.59,,8,1,59,0,5041,25.287,7,1951,2.41
j2P6x8yqeXo,The 'OG' Modak♥️✨|Ukdiche Modak#ukdichemodak #ganpati#shorts,"Sep 6, 2024",60,0:00:32,54.61,,11,1,173,3,5217,47.3704,10,69052,3.79
16knySwwc4Y,Nitin Gadakari's Vangi Potato sabji #food #easyrecipe #nitingadkari,"Aug 25, 2024",41,0:00:20,50.03,,5,0,70,3,4704,26.5994,5,2724,2.42
GToSa0RDSZE,90's Movie: Bombay to Goa✨#pakoda #shorts #shortsviral #trending#movies,"Jul 2, 2024",61,0:00:33,55.37,,10,2,79,1,7843,47.2966,8,89500,2.85
hjyFObTpY3A,Kitchen tip: How to preserve Banana leaf✨#food#kitchentips #shorts #shortsvideo,"Sep 28, 2024",27,0:00:24,90,,8,2,43,1,4832,29.4759,6,5116,5.81
olcwlPfIge0,Easy Recipe for Batatyacha Thalipeeth#rajthackeray #batatathalipeeth #shorts #viralvideo,"Nov 20, 2024",55,0:00:19,36.2,,6,1,56,1,5218,26.8085,5,21342,10.82
AG9ROau9RZs,✨Kissik star Sreeleela's favourite Paneer Mandi✨🔥#sreeleela #food #pushpa2 #shorts #viralvideo,"Dec 7, 2024",47,0:00:19,41.52,,9,2,80,1,4538,23.7211,7,52009,2.94
atsfAjoRFZY,👨🏻‍🍳Chef Vikas Khanna loves Fresh Sriracha🔥🌶️#sriracha #food #vikaskhanna #shortsfeed,"Aug 20, 2024",28,0:00:19,69.6,,3,0,83,2,4144,22.1783,3,2113,3.41
KKc6gPrFjNk,Ganpati bappa's Prasad Thali🙏🏻✨#naivedya #food #ganeshchaturthi #ytshorts #shorts,"Sep 7, 2024",53,0:00:29,54.74,,4,0,70,1,5409,34.8515,4,62361,3.14
5BZKhFkQutk,This is why SRK is the Coolest Dad😎✨#shahrukh #srk #shorts #risotto #kingkhan,"Nov 10, 2024",48,0:00:19,39.7,,2,0,42,0,3840,20.1958,2,3482,2.24
H22bs91h1Tk,Actor Shraddha Kapoor eats this for breakfast✨ #shorts #food #ytshots #viralshorts,"Jul 29, 2024",31,0:00:17,56.32,,6,0,42,0,3923,18.7225,6,862,3.71
gxeY9zQH7fE,🥵🔥Korean Cheese Ramen 🧀 🍜 #shorts #youtubeshorts #topramen #asmr,"Aug 17, 2024",44,0:00:25,57.01,,9,1,122,2,3723,25.928,8,3313,3.26
9ePAaHG41vk,This Gujarati Dish is loved by all✨🥰#food #daldhokli#comfortfood#fyp#shorts#shortsfeed,"Jul 8, 2024",61,0:00:34,56.83,,5,0,53,0,3351,30.3587,5,37198,3.77
446s0luJyaM,😋Ram Ke Laddu✨#shorts#streetfood#asmr#asmrcooking#food,"Sep 24, 2024",60,0:00:36,61.48,,6,0,40,3,3077,31.4287,6,2486,2.33
bONerQba718,Raghav's favorite Haridwar kadhi chawal #shorts #kadhipakora #raghavjuyal #curlytales #viralvideo,"Dec 2, 2024",48,0:00:18,38.6,,3,0,32,0,3213,15.802,3,5204,3.13
RMJuD36pybE,Nitin Gadkari's Favourite Fried Mirchi side dish🌶️#shorts #nitingadkari #food #viral #trending,"Jul 16, 2024",26,0:00:22,84.95,,7,0,56,0,3138,18.2154,7,3504,4.28
4xvdb0H3_Cs,✨Solkadhi❌Soul kadhi😌🤌🏻#food #solkadhi #tastyfood #ashabhosle #shortsfeed,"Oct 2, 2024",55,0:00:25,46.83,,3,0,46,0,3021,21.2626,3,1393,2.73
5gBovlYhBFg,Chef Ranveer's Heirloom dish#shorts #churi #ranveerbrar #kareenakapoorkhan #recipe,"Dec 1, 2024",61,0:00:29,48.21,,0,0,43,0,2949,23.9381,0,3533,2.72
8Fnc-cZSTgw,CM Eknath Shinde loves Misal🔥✨#shorts #eknathshinde #misalpav #shortsvideo,"Aug 27, 2024",27,0:00:21,78.22,,5,0,66,0,3346,17.1086,5,6186,5.97
pkcvZISq9wA,Have You tried Sunset rice? #kritisanon #kartikaaryan #viralvideo #sunsetrice #shorts,"Dec 27, 2024",32,0:00:16,51.29,,4,0,42,0,3460,13.3225,4,3319,3.4
M7QgMhZZ3pc,Sudha Murthy learned to cook this for Murthy sir😱 #food #recipe #shorts #shortsviral,"Nov 17, 2024",58,0:00:21,37.66,,8,0,45,2,3251,17.2207,8,12120,3.47
7Qg8bof28ik,Yumm Chapati Laddu#leftover#chapati#laddu #youtubeshorts #shorts#5minsrecipe #easyrecipe,"Dec 27, 2023",25,0:00:18,72.46,,7,0,48,0,2682,13.3579,7,4602,2.24
bD-X6IpupRQ,Smokey Bliss ✨😋#bainganbharta #eggplant #indian #food #shorts,"Jan 15, 2024",41,0:00:23,56.14,,5,0,43,0,2525,16.126,5,436,2.06
X8aMHr9dV7g,Rava Besan laddu✨ #laddu #food #short #shorts #recipe #dailyvlog #rava #besan #fypシ,"Jun 7, 2024",55,0:00:24,44.58,,8,0,49,0,2556,17.336,8,1550,1.55
_-5OXw6FayU,This Rasam recipe will blow your mind#tomato#recipe#rasam #rasammasala   #shorts#viral#trending,"Jan 10, 2024",39,0:00:20,53.54,,6,2,52,0,2508,14.5243,4,501,3.39
5JVEx_pReGQ,When food is your Love language✨♥️🥰#healthierecipes24 #love #food #shortsviral,"Feb 23, 2025",11,0:00:12,111.8,,2,0,77,3,2647,8.5928,2,2460,2.64
tf8gfeWUNh8,Sara Tendulkar's Fav Cheese Dosa #healthierecipes24 #saratendulkar #food #cheesedosa #shorts,"Oct 31, 2025",51,0:00:23,45.91,,0,0,31,0,3929,16.5862,0,1109,5.68
vgoVCbrXlHI,Janhvi Kapoor 'sViral Chilla #janhvikapoor#moongchilla #shortsfeedcelebrity food recipes,"Jul 31, 2024",52,0:00:22,42.59,,2,0,31,1,2374,14.5305,2,695,4.32
IjwRAECWxAY,Alia's pink salad 🥗♥️✨#beetroot #aliabhatt #salad #shorts #shortsviral,"Jul 3, 2024",21,0:00:17,81.59,,2,1,21,0,2278,10.7319,1,489,2.86
Fdhsvnx2cqI,South Star Kajal Agarwal loves 🍄Karchikai😋#kajalagarwal #shorts #southindianactress #food,"Nov 5, 2024",51,0:00:21,42.52,,3,1,50,0,2371,13.6911,2,6124,2.51
v1AWK2Ts2js,Shree Ganeshaya Namah! #song #ganeshchaturthi #ukdichemodakrecipe #modak #healthierecipes24,"Aug 27, 2025",53,0:00:30,57.97,,11,0,74,0,4249,19.1245,11,740,1.62
jUP0i4soDGI,Cheese Dosa ✨#healthierecipes24 #easyrecipe #cheesedosa #shorts,"Nov 6, 2025",60,0:00:34,57.93,,2,0,35,0,4488,21.4805,2,765,3.66
79C8TMMVxzY,Homemade Natural Sweetener #healthierecipes24 #naturalsweeteners,"Apr 2, 2025",35,0:00:17,49.77,,1,0,15,0,3838,10.9189,1,510,4.31
2chXbJlARYo,Quickest RAW Tomato Chutney ✨#shorts #raw #tomatochutney,"Jan 14, 2024",13,0:00:13,100.19,,3,0,20,0,2112,7.4799,3,1509,3.18
rOlknc2BMq8,🤔Would Parmish Verma like to eat this?✨#food #parmishverma#parleg,"Oct 1, 2024",16,0:00:13,85.28,,6,1,25,0,2117,7.764,5,3175,3.37
NaE_EBNFPuA,I tried squid games-2 ramen!#healthierecipes24 #koreanramen #knorr,"Apr 12, 2025",27,0:00:17,64.93,,2,0,16,0,3988,10.659,2,1459,4.87
gFrSNhDtlkM,How to keep METHI FRESH and green✨☘️💚#shorts #kitchentips #tipsandtricks #leafy #methi #fenugreek,"Feb 8, 2024",22,0:00:21,99.89,,6,1,18,0,2662,12.0711,5,20260,4.18
GrOhZdwyp9s,✨Vijay Devarakonda Tries punjabi food✨#shorts #healthierecipes24 #vijaydevarakonda,"Jan 17, 2025",59,0:00:28,48.85,,1,1,25,0,1837,14.5221,0,2420,5.04
GLlbopHfwaQ,Don't Skip this Chutney Recipe#onion#chutney#shorts#youtubeshorts,"Jan 2, 2024",24,0:00:17,73.82,,7,0,45,0,1855,9.0874,7,544,4.6
VTBBlbvYWQk,Prasad Thali✨🛕#shorts #prasad #rammandir  #lordrama #ayodhya #trending,"Jan 22, 2024",58,0:00:25,43.32,,4,0,35,0,1809,12.3233,4,2534,1.54
qJQNhe_nHyg,Chocolate covered strawberries#healthierecipes24  #food #chocolate #strawberries #shorts,"Jan 19, 2025",31,0:00:19,61.65,,3,0,43,1,1757,9.2643,3,2185,1.56
T47OhylEFQ0,🔥Actor Sharvari Wagh's easy Homemade drink recipe🍹✨ #food #sharvariwagh #easyrecipe #bollywoodactor,"Sep 2, 2024",24,0:00:17,72.5,,1,0,38,1,1823,8.3456,1,13618,4.54
66XLrqHr9fs,Sudha Murthy Loves PULIOGARE rice #puliogare #foodie #rice #recipe#shorts#healthierecipes24,"Nov 18, 2024",22,0:00:15,70.7,,1,0,24,0,1690,7.0775,1,2155,2.6
ci0M3QY7gYA,Pitru Paksha Prasad Laddu #ravaladdu #shorts #food #recipe #pitrupaksha2024,"Sep 26, 2024",59,0:00:28,48.54,,1,0,25,1,1681,13.0895,1,3517,2.02
cBotvAiO458,🥟🥥Easy Steamed Kadubu✨#shorts #kadubu #steamed #ganesh #chaturthi,"Sep 8, 2024",54,0:00:27,50.68,,0,0,30,0,2051,12.5415,0,18527,3.76
xG7zRRdLZFM,Nita Ambani Relishes Kashi's Famous Palak Patta Chaat#nitaambani#ambani #chaat#food#healthierecipes,"Aug 1, 2024",40,0:00:18,46.25,,1,0,25,0,1593,7.9643,1,1340,3.66
Xb-qJE3UIAc,Benefits of eating Radish#healthierecipes24 #radish #food #viralvideo #shorts,"Feb 5, 2025",55,0:00:33,60.35,,3,0,45,0,1963,14.4009,3,6105,5.13
fnJPDW38U64,Healthy Sprouts salad 🥗✨#shorts #johnabraham #sproutssalad #shortsvideo #viralvideo,"Nov 21, 2024",45,0:00:18,41.23,,2,1,20,1,1433,7.2799,1,3927,2.37
RiocQJXuTEo,✨Tripti Dimri's fav Garhwali food|This is so yummy😋✨🍛#food #cooking #recipe #triptidimri #shorts,"Oct 18, 2024",50,0:00:29,58.18,,3,0,38,0,1729,11.576,3,14923,3.33
5rmDsbAocPs,♥️South Star Keerti Suresh's green juice Recipe✨#shorts #keerthysuresh #southindian #skin,"Oct 26, 2024",27,0:00:22,82.07,,1,0,49,0,1660,8.9244,1,9205,4.32
e0v8ZTsYn1M,Spinach Pockets ✨#healthierecipes24 #palak #palakpockets #recipe #shorts #spinachpockets,"Dec 1, 2025",60,0:00:34,58.14,,2,0,61,2,3196,14.3445,2,1596,2.57
_kp7NQ5NP8c,Title Says it all #belagavi #baobuns #food #healthierecipes24 #shorts,"Aug 26, 2025",60,0:00:27,45.96,,4,0,33,0,2701,10.8688,4,3087,1.04
z2zYku_R-k0,Why SRK is the Coolest Man Alive#shorts,"Nov 4, 2024",22,0:00:16,74.62,,0,0,16,0,1308,5.8752,0,5911,2.28
ZMvl0TF4614,Healthy benefits of Tomato #shorts #tomato #food #healthyfood,"Dec 17, 2024",33,0:00:22,67.85,,0,0,21,0,1307,7.9033,0,2446,2.58
_3ig8q7h5FE,Gukesh is the youngest World Chess Champion#gukesh #chess #worldchesschampionship #food,"Dec 23, 2024",32,0:00:16,50.53,,2,0,30,0,1395,5.8414,2,3756,4.5
VStwS4-PKBY,🇮🇳Tricolour Simple Recipe🇮🇳#republicday #jaihind #healthierecipes24 #tricolor #shorts,"Jan 24, 2025",30,0:00:11,37.37,,1,0,17,0,1251,3.8726,1,2285,2.14
TL7b5My1Z8g,Vivek Oberoi and his Dubai life #vivekoberoi #dubai #bisibelebath #shorts,"Dec 14, 2024",60,0:00:22,37.23,,3,0,21,0,1298,7.7478,3,3756,4.42
bPyPY2Me58w,Kartik Aryan can eat Chole bhature all day😋🔥 #food #kartikaaryan #shortsvideo  #shorts,"Oct 23, 2024",15,0:00:13,88.83,,1,0,31,0,1993,5.0021,1,8577,5.06
f-yX8nOIFQc,Flaxseeds dry chutney ✨#shorts  #food flaxseeds chutney powder alsi ki chutney recipe,"Jan 17, 2024",47,0:00:28,60.92,,8,0,21,0,1317,10.1874,8,8604,3.51
XUmvdfKBme4,Kamala Harris cooks dosa✨🔥#shorts#kamalaharris #mindykaling#masaladosa,"Jul 25, 2024",39,0:00:21,54.95,,1,1,28,1,1235,6.9435,0,12233,2.35
jD5kS-PavDs,Yellow chutney with Spongy dhokla#healthierecipes24 #shorts #yellowchutney,"Dec 13, 2025",59,0:00:29,49.38,,1,0,36,2,2271,9.5898,1,587,3.24
qD3UDmqRwLo,make dry fruits at home#healthierecipes24 #shorts,"Apr 7, 2025",68,0:00:42,62.84,,0,0,36,0,2103,13.0625,0,6141,3.44
vnL3pJFZkUc,Malaika Arora eats food in a bowl✨#healthierecipes24 #shorts,"Mar 15, 2025",50,0:00:19,39.06,,1,0,19,0,1087,5.6936,1,2633,5.28
J7OjJZXvOG0,"Shaheer Sheikh "" #dopatti "" movie star loves to eat.....    #shortvideo #food #rajmachawal","Nov 7, 2024",10,0:00:09,99.36,,1,0,24,0,1357,3.0494,1,5983,5.2
gimTJNyKGVM,Shalini Passi is Truly the Queen! #shalinipassi #food #soup #healthierecipes24 #shorts,"Dec 16, 2024",52,0:00:18,34.64,,3,1,18,0,1046,5.1496,2,2437,5.09
1meLQx2MTRQ,Chashni puri✨ #rakshabandhan  #puri #food #recipe #shortsfeed,"Aug 9, 2024",59,0:00:28,47.51,,4,0,14,1,1024,7.9363,4,2639,0.68
2EQV2COxfao,The Untold Story of Mukesh Ambani and Bhajiya#ambani #shorts ambani wedding,"Jul 16, 2024",49,0:00:20,42.81,,2,0,19,0,1049,6.0186,2,2044,5.82
5Wm1WC8HPes,Navratri Vrat Thali #vratthali #navratrispecial #food #recipe #easythali #shorts #ytshorts,"Sep 20, 2024",50,0:00:22,45.1,,4,0,28,0,1053,6.4889,4,9275,3.87
c578WMYsLBs,KGF Star YASH loves Puliyogare #kgf #melkote #puliogare #rockingstaryash #shorts,"Dec 11, 2024",61,0:00:23,38.93,,0,0,16,0,1067,6.4752,0,4901,2.57
JJc_V-Wchy0,😳Vidya Balan's favourite South Indian dish#vidyabalan #bollywood #southindian #shorts#shortvideo,"Jul 13, 2024",41,0:00:21,51.75,,0,0,17,0,1025,5.7425,0,4202,2.88
sG1rBgBR4t0,Sugarless Kheer ✨#suji #kheer #shorts#jaggery #semolina,"Dec 20, 2023",40,0:00:24,60.04,,3,0,17,0,985,6.5186,3,1497,1.67
DEChGsFPhtM,VIRAT Kohli says Visualization is powerful ✨😍 #visualization#viratkohli #banglore#dosa #shorts,"Nov 15, 2024",41,0:00:15,36.99,,0,0,14,0,962,3.8803,0,2204,3.45
nnBLYIZFdfo,Turnip Noodles #kohlrabi #turnip #food #fitgreenmind #healthierecipes24 #shorts,"Dec 19, 2024",20,0:00:13,65.34,,4,0,22,1,1091,3.5318,4,6266,3.69
UBYbQBBiJws,Crunchy Poha ✨#healthierecipes24 #crunchypoha #shorts #snacks #trending,"Nov 7, 2025",48,0:00:23,49.38,,2,0,21,0,2093,6.5566,2,431,2.32
l4GUyO1PCqs,✨Sonam Kapoor's favourite childhood breakfast😍✨#sonamkapoor #shorts #seyalbread #healthierecipes24,"Nov 24, 2024",43,0:00:17,40.35,,1,0,11,0,935,4.3855,1,3335,2.82
0nXedFapdjw,"Sabji saga: Bite 3 = ""Bharda palya"" #healthierecipes24","Feb 18, 2025",55,0:00:33,61.26,,1,0,15,0,1173,8.8921,1,5559,4.23
NhUEoYwxlv0,🤩Deepika Padukone loves South Indian food♥️🍛 #food#deepikapadukone #shorts,"Oct 28, 2024",23,0:00:15,68.43,,0,0,15,2,940,3.8643,0,16611,1.28
MSvFTG2P7ic,🔥Korean Kimchi Ramen🍜 review#nissinramen #topramen  #koreankimchi #shorts,"Aug 16, 2024",47,0:00:26,57.28,,0,0,26,0,845,6.3048,0,1737,3.63
dIo7QxijMt8,White popcorn#shorts #jowar #sorghum #whitepopcorn #saiyaara #healthierecipes24,"Jul 27, 2025",59,0:00:29,49.17,,3,0,27,0,1813,7.1676,3,2514,4.46
i0PZWD6NmgA,🔥SPICY Orange Chutney✨🤤#shorts #youtubeshorts #dosa #chutneyfordosa #food #trendingshorts,"Feb 14, 2024",24,0:00:18,76.87,,2,1,18,0,941,4.5344,1,10176,3.25
1qpyjhLk8rY,Chana dal koshimbir✨ #chanadal#salad#foodvlog #shorts#shortsfeeds#shortsviral #shortstrend#pushpa2,"May 4, 2024",27,0:00:17,63.34,,0,0,19,0,1031,4.1044,0,4701,3.94
DrwN1zy10Rk,Beer biceps loves Milagai podi from Mysore cafe#ranveerallahbadia#beerbiceps #shorts,"Nov 8, 2024",33,0:00:18,55.63,,3,0,20,0,899,4.1094,3,2730,3.74
6hEwPxx6YbA,Akshaya Tritiya thali ✨🙏🏻 #healthierecipes24 #akshayatritiya #akshayatritiya2025 #food #shorts,"Apr 30, 2025",24,0:00:12,50.58,,1,0,8,0,2650,3.436,1,1368,6.36
zjKJ1-bstgE,Sweet potato benefits #healthierecipes24 #food #sweetpotato,"Feb 14, 2025",54,0:00:29,54.12,,1,0,18,0,806,6.3405,1,880,4.32
uzrLYn2ny-4,🏅🔫Manu Bhaker loves Aloo Paratha ✨#olympics #manubhaker#sports  #bhagavadgita#shorts,"Jul 30, 2024",41,0:00:15,37.64,,0,0,26,0,858,3.4041,0,5377,3.55
4Cp9FEAeZfg,Hotel style Masala DOSA|ORANGE chutney #recipe from #scratch #dosa #fyp #dosabatter,"Mar 1, 2024",253,0:01:00,23.9,,3,0,10,1,823,13.8207,3,16222,4.48
KrHb-OJ80Hk,Kangana Ranaut and R Madhavan pani puri competition✨🤩#panipurichallenge#shorts  #food,"Sep 27, 2024",39,0:00:15,40.54,,2,0,13,0,867,3.3792,2,4076,4.47
jWjYQxCd76Q,BUDGET Friendly HOMEMADE Dessert!🍯✨#shorts#youtubeshorts #icecream #figs #caramel #homemade,"Jan 5, 2024",26,0:00:14,54.92,,2,0,12,1,793,3.122,2,1626,3.81
5ejspBAs-3U,RIPE  Banana🍌 PURI #banana #paratha #puri #poori #shorts #ripebanana #india,"Jan 24, 2024",33,0:00:16,49.14,,2,0,8,0,806,3.4659,2,3075,1.14
RmufjVuICfU,🍔🧀✨#shorts #healthierecipes24 #food #yummy,"Feb 1, 2025",39,0:00:12,31.18,,0,0,19,0,771,2.5835,0,1158,3.11
l-dz_xrYG0s,🌶️🔥How to store Chilli's for longtime #shorts #chilli  #store #preserve #kitchentips,"Mar 15, 2024",19,0:00:19,100.47,,3,0,12,0,940,3.9713,3,6684,2.24
_yUi_IF8Oqc,Comedy Queen Bharti Singh's cooks Yummiest PULAO #bhartisingh #harshlimbachiya #recipe #shorts,"Nov 20, 2024",47,0:00:20,43.62,,2,0,17,0,770,4.2574,2,2296,3.14
Lysb2BqAjRc,🤢Street Food experience with Nargis Fakhri🙈#nargisfakhri #streetfood #food #gajarkahalwa,"Dec 28, 2024",49,0:00:18,37.2,,0,0,16,0,802,3.7285,0,5379,2.51
h2uNDU7ogHI,when your Home smells like desi chinese🤤🔥#healthierecipes24 #shorts,"Mar 17, 2025",59,0:00:25,43.02,,2,0,10,0,768,5.2383,2,7918,1.41
Y2BzRHk42Fs,How to make Mawa/Khoya modak(PART-1) #shorts #food #ganeshchaturthi #modak #2024 #easy #recipe,"Sep 5, 2024",52,0:00:27,52.35,,1,0,25,0,777,5.8033,1,4548,2.9
3ISqnHUb0ak,Bollywood Actor Sanya Malhotra's favourite#fondue #pavbhajifondue#sanyamalhotra #shorts,"Dec 9, 2024",60,0:00:16,26.86,,1,0,11,0,769,3.3202,1,4562,2.61
pGz3Aeac_18,This Bengali Chaat is too good🔥😋🤌🏻#bollywood #chaat #churmur #bengalicuisine #shorts #shortsvi,"Oct 29, 2024",32,0:00:16,51.74,,2,0,18,0,813,3.4722,2,4309,2.72
lfQxYrjIX0s,Kuzhi Panniyaram #healthierecipes24 #kuzhipaniyaram #recipe #shorts,"Nov 18, 2025",60,0:00:26,44.59,,0,0,25,0,1857,6.0227,0,701,4.71
GCJ0BI_fek4,Yellow crispy pipe✨😋#shorts #eveningsnacks #yellowpipe #viralvideo #healthierecipes24,"Dec 26, 2024",57,0:00:22,40.19,,1,0,15,0,781,4.6338,1,3599,4.47
RgXIRpUfzpk,Cinnamon Cures PCOD?! #cinnamon#gymshorts#shorts#pcod #pcos,"Jul 9, 2024",55,0:00:32,59.49,,3,0,16,0,857,6.7423,3,2467,7.17
eoDIscWAqQ8,🤌🏻GroundNut Chutney recipe✨#chutney #peanutchurney how to make peanut chutney foodies,"Apr 22, 2024",17,0:00:13,79.22,,2,0,19,0,714,2.6676,2,313,2.24
BviwYtp53j0,Drumsticks Curry recipe ✨#healthierecipes24 #drumsticks,"Mar 18, 2025",44,0:00:22,50.99,,0,0,13,0,795,4.5902,0,4220,3.39
ftdsdv-AKnc,"May 8, 2025","May 8, 2025",30,0:00:13,46.25,,1,0,11,0,4178,3.8905,1,365,1.64
KmsMflY38t8,Rajkumar Rao like famous Bun Maska from Pune! #bunmaska#chai #short#rajkumarrao#healthierecipes24,"Feb 2, 2025",43,0:00:18,43.52,,2,0,19,0,875,3.8604,2,2100,5
OXXZ-zjE1iE,🏏Cricket Star Ajinkya Rahane fav Kokum#shorts #ajinkyarahane #kokum #cricket #food,"Oct 21, 2024",28,0:00:17,62.23,,0,0,21,0,754,3.4592,0,2083,5.47
r4qpkyWpHDQ,The King of Bollywood (Happy Birthday Shahrukh Khan)#shorts,"Nov 3, 2024",24,0:00:14,59.63,,1,0,14,0,728,2.8244,1,6318,0.95
RQNc-beeoxE,Easy GHEE recipe ✨🧈#shorts #butter #ghee #homemade,"Aug 11, 2024",60,0:00:19,33.22,,1,0,13,1,709,3.9053,1,914,2.74
MdfRZo0zOn8,Priyanka Chopra is a fan of Stuffed parathas #paratha #priyankachopra #shorts #shortsfeed,"Aug 4, 2024",11,0:00:11,100.62,,1,0,15,0,722,2.1582,1,1299,3.39
3DtZ8P6RJBA,Obsessed with this song!#healthierecipes24,"Apr 11, 2025",53,0:00:20,37.88,,1,0,20,0,1691,4.4033,1,814,1.97
OVM5EjROmTQ,Sachin Tendulkar cooks Baingan ka Bharta #sachintendulkar#bainganbharta#shorts #shortsvideo #foodie,"Aug 6, 2024",57,0:00:26,45.62,,3,0,19,0,759,5.2728,3,1892,2.75
Rrrt_YnGrJk,Oats Banana Pancake🥞#pancake #healthybreakfast #shortsfeed #foodvlog #food #breakfast,"May 23, 2024",43,0:00:19,44.85,,1,0,15,0,713,3.8,1,2577,1.94
4ztMsD6DjXk,MIX SABJI Pakoda !#shorts #pakora #easyrecipe #food,"Jan 16, 2024",50,0:00:15,31.03,,5,0,21,0,668,2.8758,5,525,0.76
ul11JWtmx1s,Tricolour Idli🇮🇳|Independence day special #independenceday #tricolor#recipe#shortsviral #shorts,"Aug 14, 2024",50,0:00:26,53.01,,2,1,14,0,711,5.1267,1,4174,1.58
Uos62tI9WZg,Radhika Apte loves Modak! #healthierecipes24 #radhikaapte #modak #food #shorts,"Jan 27, 2025",52,0:00:24,47.15,,0,0,9,0,734,4.5871,0,8658,0.87
tyDLtf11WTc,Bhootnath lovess Aloo Paratha 😋✨#bhootnath #amitabhbachchan #banku #foodie#alooparatha,"Aug 2, 2024",40,0:00:27,68.53,,0,0,18,0,701,5.169,0,988,4.15
hahRYKb8o8M,✨Mukhwas recipe ✨ #healthierecipes24 #mukhwas #recipe #cooking #shorts,"Nov 13, 2025",48,0:00:24,51.13,,0,0,16,1,1903,5.0567,0,503,3.18
tJC685EIhqQ,"Sabji saga: Bite 2 =""easy Beetroot"" ✨#healthierecipes24 #sabjisaga #shorts","Feb 13, 2025",51,0:00:25,49.69,,0,0,15,0,676,4.666,0,1255,2.39
tnGc6TFk5gk,Easy Cheesy Kabab #healthierecipes24 #harabharakababrecipe #cheesy #easy #shorts,"Dec 24, 2025",106,0:00:25,23.89,,0,0,27,1,1681,5.341,0,603,3.32
6jwYUXRDoEQ,Viral Masala Eggplant#healthierecipes24,"Dec 26, 2025",56,0:00:21,38.74,,1,0,26,1,1567,4.4934,1,383,3.66
NeENl77QEcc,Instant Butter Murukku  #food#asmr #recipe #murukku #shortsvideo,"Sep 3, 2024",59,0:00:31,53.81,,3,0,13,0,688,5.9748,3,1073,0.93
diBClT0xsLk,I Made the Cutest Gnocchi On Earth,"Nov 14, 2024",60,0:00:24,40.68,,2,0,19,0,679,4.4953,2,6928,1.41
IQ1HL2HiKUo,(LEFTOVER)Rice✨#shorts #leftoverricerecipe #subscribe #share #food #support#thanksguys,"Feb 3, 2024",35,0:00:19,55.09,,0,0,11,0,666,3.5671,0,463,1.08
Trhou5fI3wI,The Secret Side of Indian Diplomacy#shorts #jaishankar,"Dec 12, 2024",57,0:00:15,27.67,,0,0,15,0,728,2.9139,0,3126,2.62
jjHHC1Ixxic,Vegetable Stew#coconutmilk#viral#youtubeshorts#trending#ytshorts#india#shortsvideo#shorts#stew,"Dec 29, 2023",40,0:00:19,49.07,,0,0,17,0,646,3.3953,0,1127,1.86
DGpvjCrvAP0,Do you guys like Papdi chaat??✨🔥#food #kritisanon #bollywood #chaat #shorts #chaats,"Oct 24, 2024",15,0:00:12,80.88,,0,0,17,0,700,2.1688,0,2833,2.79
3_UAXth3jGY,♥️Navratri Day 6| Honey🍎 Halwa #shorts#honey#applehalwa#food#navratrispecial,"Oct 8, 2024",54,0:00:20,38.67,,0,0,15,0,716,3.8364,0,1514,9.18
vge7iOU-WFk,Indian cricketer Ajinkya Rahane love Pithla Bhakri✨☺️ #food #indiancricket #pitlabhakri #shorts,"Oct 22, 2024",29,0:00:14,50.6,,1,0,15,0,679,2.6289,1,1482,5.13
Lxt6lC1d6bQ,AP DHILLON & Shinda try city version of saag#healthierecipes24 #apdhillon #shindakahlon #shorts,"Jan 13, 2025",59,0:00:20,35.11,,0,0,14,0,661,3.657,0,2608,2.76
pF58n2rvoBU,Natural sweet☑️ Refined Sugar❌#healthierecipes24 #naturalsweetner #food #shorts #recipe,"Mar 10, 2025",35,0:00:17,49.77,,1,0,9,0,665,3.0467,1,604,2.15
pxobbDzA9RM,Last post of 2024! Let's Welcome 2025🤩✨#gratefulforyou  #thankyouforwatching #shorts,"Dec 31, 2024",46,0:00:22,49.48,,3,0,25,0,623,3.9082,3,1328,3.54
mUcDfRzXNlw,Tomato Thokku ✨#healthierecipes24 #recipe #food #tomtothokku #thakkalithokku,"Sep 19, 2025",58,0:00:20,34.56,,3,0,12,0,2533,4.3177,3,3075,2.15
e-0dtoIOzPg,What's inside Watermelon seeds?#healthierecipes24 #whatsinside #shorts,"Apr 18, 2025",40,0:00:21,54.9,,2,0,10,0,1544,4.1139,2,1480,2.5
h3_xJQOpQE0,Bobby Deol's childhood favorite😁✨#lauki#bottlegourd #food #shorts#shortsfeed#fyp #bollywood,"Jul 9, 2024",41,0:00:20,50.98,,2,0,15,0,625,3.5688,2,458,3.06
8Mqk_QQPgjE,Maggi and flakes ✨ #newmusic #healthierecipes24 #edsheeran,"Jun 6, 2025",40,0:00:18,46.82,,0,0,16,0,2015,3.7218,0,1735,5.24
kMvFGY5C24g,Ketchup in bhel#healthierecipes24 #bhel #recipe #shorts #trending,"Dec 30, 2025",31,0:00:17,57.71,,1,0,17,0,1410,3.5625,1,481,3.95
gVYkv73S8cg,Kusube Palya ✨#healthierecipes24 #recipe #safflower #kusubepalya #northkarnataka,"Dec 22, 2025",59,0:00:30,51.15,,2,0,15,0,1479,5.5423,2,650,4.31
9-cS6pLmdHs,Instant Poha Dosa for Breakfast ✨☺️#dosa #pohadosa #breakfast #recipe #food,"Oct 25, 2024",46,0:00:17,39.65,,0,0,8,0,639,3.0086,0,5472,1.24
J92mRYVMaU0,Gym coach Nitesh's Fat Burner Drink #fatburn#fyp #shorts #shortsfeed@theniteshfitnessempire85,"Jul 4, 2024",27,0:00:18,69.1,,3,0,28,0,623,3.2081,3,1733,4.67
z-Y08v8wk4Q,Leftover Daal sabji ✨ #healthierecipes24 #food #leftover,"Mar 21, 2025",45,0:00:21,46.72,,3,0,12,0,650,3.4658,3,1940,2.32
n7Rs9IuDKwk,noodles or Maggi ✨ #recipe #merimaggi #snacks #maggi #maggirecipe #shorts #healthierecipes24,"Aug 22, 2025",24,0:00:12,52.72,,0,0,12,0,1768,2.6076,0,1157,2.85
R1GJz-nu4rM,What's your Weird food combo? #healthierecipes24 #weirdfoodcombo,"Jun 2, 2025",36,0:00:16,46.12,,2,0,14,0,1588,3.1587,2,705,1.7
FwvFg4HhhxA,South Indian White Gravy♥️ #recipe #healthierecipes24 #whitegravy #gravy #sabji #shorts,"Aug 25, 2025",59,0:00:24,41.72,,4,0,21,0,1653,4.5676,4,825,1.33
41umlkwHJUA,Jackie Dada shares secret to success#jakieshroff#ranveerallahbadia #bhindi #shortsviral #shorts,"Nov 28, 2024",28,0:00:16,58.68,,0,0,10,0,619,2.6773,0,2277,2.06
hVxm47c2Fs4,Newest Healthy breakfast recipe✨🔥🤩#shorts #breakfast #healthierecipes24,"Jan 14, 2025",62,0:00:26,43.13,,1,0,7,0,598,4.4214,1,1094,1.01
JXgn-OgfxT4,Quickest dosa #recipe #healthierecipes24 #rava #breakfast #easyrecipe,"Aug 12, 2025",45,0:00:22,49.64,,1,0,17,2,2013,4.3119,1,483,2.69
XDcuVm1yKF8,Fancy Cutlery✨#healthierecipes24 #shorts #meesho #cutlery #fancy,"Sep 21, 2025",26,0:00:12,47.24,,2,0,22,1,1733,2.5807,2,775,2.58
lIdK_pRFmvU,Creamy Cauli🥦✨😌#shorts #creamycauli #healthierecipes24  #recipe #sabji,"Dec 30, 2024",61,0:00:20,34.41,,0,0,12,0,591,3.4244,0,2418,2.15
aQ5vERWcnvE,Crispy Green Dose#healthierecipes24 #pesarttu #moongdalchilla #shorts,"Sep 13, 2025",59,0:00:20,35.03,,0,0,18,1,2092,3.9941,0,734,2.18
RFmUPBN0TII,✨Masala Khichdi without masala ✨ #recipe #healthierecipes24 #masalakhichdi #shorts,"Nov 15, 2025",57,0:00:18,32.29,,1,0,17,1,1287,3.3738,1,506,4.15
I9NIFN3Ir9g,Unfermented Appe✨#healthierecipes24 #appe #pudd #paniyaram #food #shorts,"Oct 24, 2025",59,0:00:28,47.97,,2,0,25,1,1640,5.0426,2,1338,2.54
Mwdk_NPVsDc,My monsoon fav #shorts #monsoon #favorite #recipe #easyrecipe #food,"Aug 31, 2025",43,0:00:18,44.07,,3,1,16,0,1871,3.5905,2,525,2.29
kLAiIXH6i5c,Madhuri Dixit's favourite♥️🔥 #bollywood #dahiwada #shorts #shortsviral,"Oct 27, 2024",10,0:00:09,99.71,,0,0,14,0,591,1.61,0,785,2.93
ZgD30yocUC4,unique Salad Recipe #healthierecipes24 #recipe #saladrecipe #shorts #shorts,"Nov 29, 2025",58,0:00:17,31.01,,0,0,29,2,1635,3.4259,0,472,4.24
sWyFZScX400,Actor Rakul Preet made this recipe✨#shorts#shortsfeed#viral #rakulpreetsingh,"Jul 11, 2024",60,0:00:22,37.24,,0,0,10,0,591,3.5871,0,959,2.82
vtYx4jkLbHw,Foxnut Bhel ✨#healthierecipes24 #shorts #makhana #makhanabhel #food,"Dec 18, 2025",42,0:00:21,52.24,,1,0,15,0,1252,3.9284,1,720,3.61
9FUllcE1Xkw,✨🪔Be festive Ready 🪔✨#healthierecipes24 #homemade #mukhwas #recipe #shorts,"Sep 9, 2025",58,0:00:14,25.68,,1,0,21,1,1465,2.7515,1,725,2.76
3pWq9ZXBWbo,"May 4, 2025","May 9, 2025",25,0:00:14,59.22,,1,0,13,0,1661,2.8025,1,357,3.08
S5WwY0FKKJk,Shahrukh Khan shares childhood memory#shorts #shahrukh #srk #coffee #thermos,"Nov 9, 2024",32,0:00:16,50.63,,2,0,6,0,591,2.5458,2,1626,3.14
GDwZMiz1GZA,Instant Butter Chakli #healthierecipes24 #instantchakli #butterchakli #beginnerfriendly #shorts,"Sep 4, 2025",55,0:00:22,41.22,,2,0,19,1,2089,4.1749,2,631,2.69
boVDDuClN2I,Shark tank Star Namita Thapar loves Masale bhat✨#healthierecipes24 #namitathapar #food,"Feb 10, 2025",94,0:00:16,17.41,,1,0,10,0,603,2.596,1,1783,3.31
HI-ztNM6Hdc,Easy Wheat Gulab Jamun #healthierecipes24 #gulabjamun #food #shorts #shriganesh,"Sep 6, 2025",55,0:00:17,31.76,,3,0,15,1,1304,3.041,3,594,3.54
LDvtQOqvYuw,✨Patto ki sabji✨#healthierecipes24 #pattokibhaji #food #northkarnatakarecipe,"Dec 31, 2024",334,0:00:37,11.13,,2,0,5,0,586,6.0533,2,7543,6.69
vWghvSgJdbA,Tanghulu with jaggery🍡✨#tanghulu #shorts #viral #healthierecipes24 #fypシ #fyp,"Jan 26, 2024",25,0:00:25,101.88,,0,0,24,0,719,4.5132,0,4916,6.14
vq7ON1GrUiY,✨Creamy Paneer Bhurji #shorts #paneerbhurji #asmr,"Aug 24, 2024",60,0:00:20,34.26,,1,0,22,0,565,3.221,1,622,2.41
gqPz2Shhluk,Quickest Chutney✨ #healthierecipes24 #chutney #recipe #shorts,"Jan 6, 2026",29,0:00:12,44.35,,1,0,12,1,1471,2.4314,1,531,4.33
7OrkwC3nMjo,What's your lazy sunday feast??#healthierecipes24 #sundayfeast #food #lazysunday,"Feb 9, 2025",56,0:00:15,27.42,,0,0,7,0,579,2.3956,0,1689,2.9
P2-inG02CrA,How to use Neem leaves?#bevubella #healthierecipes24,"Mar 14, 2025",46,0:00:18,40.69,,0,0,9,0,589,2.9216,0,709,2.4
_vob4Ykc2J4,Easy Chana drink #drink #food #sattudrinkrecipe #satturecipe #ankitbaiyanpuriyashorts,"Jul 23, 2024",20,0:00:19,95.95,,1,0,15,0,623,3.0152,1,3205,8.11
T1I_JtHRoWo,Easy puchka✨🤍#healthierecipes24 #puchka #fuchka #shorts #recipe,"Sep 18, 2025",56,0:00:20,35.78,,1,0,15,1,1716,3.637,1,773,2.72
xgNkvlc051k,Coconut 🥥 rice#healthierecipes24 #recipe #coconutrice #shorts,"Dec 5, 2025",46,0:00:20,44.34,,3,0,22,0,1890,3.7831,3,413,3.39
M1-uDNtzgSc,Techa toast#crispy #viral #goviral #shorts #healthierecipes24 #recipe,"Aug 2, 2025",59,0:00:20,35.35,,1,0,14,0,1397,3.7166,1,651,3.69
O-1jTOxSWBM,🧡Navratri Day 4🧡#shorts #malpua#recipe#kushmandamata#traditional#navratri#dusshera,"Oct 5, 2024",53,0:00:18,35.44,,2,0,20,0,567,2.9382,2,2080,3.65
8djvMzeQLq8,Butter Pizza 🍕#healthierecipes24 #pizza #butterpizza#food #viral,"Oct 23, 2025",51,0:00:19,38.18,,0,0,12,0,1914,3.5492,0,592,3.38
GTPdTTQjJ0Q,Gooseberry Rassam ✨#shorts #healthierecipes24 #gooseberry #rassam,"Nov 10, 2025",60,0:00:24,41.09,,2,0,23,0,2346,4.5131,2,680,1.32
R4CBtkhUaR0,Stuffed Capsicum in a min! #shorts #capsicum #stuffed #recipe #easyrecipe#healthierecipes24,"Aug 6, 2025",96,0:00:49,51.58,,0,0,9,2,1155,7.8995,0,435,3.45
q0KAYeu15lY,Indori Bhutte ka Kees🌽✨ #bhuttekakees #shorts #foodie #streetfood #monsoon #food,"Jul 27, 2024",43,0:00:16,38.54,,0,0,13,0,582,2.558,0,1496,3.94
w7JF1a5FYWE,🌕Sharadh purnima|Kojagiri Purnima special Masala milk✨🌼🌝#shorts #shortsyoutube #masaladoodh#recipe,"Oct 17, 2024",49,0:00:21,44.32,,0,0,16,0,564,3.2884,0,3228,0.84
VnhkoAabPnc,5 mins snacks #food #healthierecipes24 #smashedpotatoes,"Feb 6, 2025",47,0:00:19,42.5,,0,0,16,0,560,3.0411,0,1637,2.02
jhCg2b7eKFg,Soup Cravings #recipe #food #easyrecipe #soup #sweetcorn #shorts  #healthierecipes24,"Aug 24, 2025",46,0:00:25,54.42,,0,0,21,0,1414,4.1458,0,506,1.78
y2A_gjecO4U,🌼Easy Quick Prasad recipe🌼#shorts#ytshorts#prasad#navratrispecial#navratri2024#food,"Oct 3, 2024",46,0:00:19,41.76,,5,2,15,0,547,2.8751,3,2908,1.2
UJIFXIXCm8c,Brought This home first time!#healthierecipes24 #food #redcabbage #shorts,"May 16, 2025",46,0:00:17,37.99,,1,0,14,0,1925,3.2744,1,502,2.59
vRm3IxyLXd4,Gym coach Nitesh's Home made Mass Gainer✨ #massgainer#protienrich #niteshsoni#gymcoach#gym,"Aug 13, 2024",36,0:00:22,63.17,,1,0,23,0,553,3.445,1,422,0.95
2G3jUfa0i00,Green Dal with Rice katori ✨#health #healthierecipes24 #recipe #dal #shorts,"Sep 7, 2025",57,0:00:12,21.72,,0,0,15,0,936,2.0327,0,836,1.56
3aIqeTqw6KE,Instant Poha Dosa recipe ✨#shorts #breakfast #dosa #instantdosa #trending,"Feb 5, 2024",43,0:00:19,46.23,,3,1,16,2,575,3.1446,2,9299,1.73
cy-oxDfDEN8,Navratri Day 3✨💟 #food #kheer #navratri #navratrispecial #chandraghanta #maadurga #matarani #shorts,"Oct 5, 2024",55,0:00:20,37.27,,1,0,12,0,574,3.0727,1,2199,3.05
TQRd9eOMkNY,Instant breakfast ekdam tasty🔥🤌🏻#shorts #food #foodie #breakfast #breakfastrecipe,"Nov 2, 2024",60,0:00:32,54.15,,1,0,12,0,551,4.9641,1,976,1.43
p0DBkltXagg,Pesarattu #moongdal #sprouts (how to make sprouts dosa#moongdaldosamoong dal dosa),"Apr 4, 2024",60,0:00:23,39.64,,2,0,17,0,535,3.5291,2,383,1.57
MuSYEuWbovI,Sattu Laddu #satturecipe #laddu #thambittu #healthierecipes24 shorts #shortsviral,"Aug 10, 2024",48,0:00:22,45.92,,1,0,13,0,540,3.283,1,1368,1.24
Lj64sx-c-Uc,😌Soul food♥️ #aloopyazpuri #puri #food #winter #shorts #healthierecipes24,"Dec 25, 2024",20,0:00:17,85.4,,1,0,19,0,545,2.5598,1,1445,1.8
YlzqZ7sac9k,Nitin Gadkari's Fav recipe on YouTube#shorts #recipeoftheday #nitingadkari #favorite #foodvlog,"Aug 14, 2024",33,0:00:17,53.75,,0,0,20,0,554,2.6655,0,839,3.1
FYziiw4aiMM,Kanda sabudana #healthierecipes24 #food #sabudana #sabudanakhichdi #shorts,"Nov 11, 2025",56,0:00:22,40.15,,3,0,18,0,1848,3.9379,3,448,2.46
ysRCxEyeDpI,Akki Rotti in 59secs ✨#healthierecipes24 #akkirotti #shorts,"Nov 21, 2025",59,0:00:20,35.05,,0,0,16,0,1760,3.726,0,517,3.29
uvMioAwuQP0,Ragda Pattice✨#shorts #food #streetfood #foryou #badshahobadshah #song,"Apr 13, 2024",57,0:00:19,34.2,,0,0,11,1,532,2.8654,0,884,0.9
QD5pXAXWnxY,Toast✨ #recipe #food #easyrecipe #healthierecipes24 #cheese #toast #shorts,"Aug 17, 2025",30,0:00:13,44.69,,1,0,13,0,1315,2.3123,1,391,2.05
xUFxnVXuZZw,✨Easy millets kheer #healthyfood #food #habitbuilder #shorts recipe,"Aug 21, 2024",52,0:00:19,37.21,,2,0,17,0,561,2.8885,2,874,4.35
8hS6Pxhv3AE,Crunchy Fried Modak #ganeshchaturthi #healthierecipes24 #food #modak,"Aug 28, 2025",57,0:00:14,24.58,,1,0,13,1,1545,2.4411,1,476,2.73
byTI_g--YsQ,Crunchy Green Salad#healthierecipes24 #crunchy #salad #greens #vegan #shorts,"Dec 9, 2025",32,0:00:23,72.62,,2,0,24,2,2009,4.1732,2,881,3.18
aA-1q3mplho,Fruit Melon?✨ #shortsyt #ytshots #foodshorts #summershorts,"Apr 6, 2024",58,0:00:16,28.45,,0,0,19,0,515,2.356,0,229,6.55
qDkS7OEwD5Y,Coconut puri✨🤌🏻#breakfast#shorts #breakfastrecipe#instantbreakfast,"Oct 15, 2024",60,0:00:37,62.12,,1,0,10,0,521,5.3345,1,2606,2.11
apygR9BSDto,Aam coco chutney✨🤌🏻 #healthierecipes24 #quickrecipe #food #30sec,"Jun 1, 2025",31,0:00:16,53.49,,2,0,11,0,3450,3.4533,2,735,1.22
4ZKfjga9kM4,"Chaatlicious🌱🥗✨|Snack Time, Sorted! #shorts #chaat #healthy","Jan 10, 2024",24,0:00:15,65.27,,3,1,10,0,512,2.2157,2,500,2
CNxRMG4ofPE,How to preserve Lemon✨🍋#lifehacks #shorts #kitchentips #tipsandtricks #lemon #tips,"Feb 10, 2024",20,0:00:14,72.09,,6,1,7,0,530,2.0536,5,1541,2.47
ie3o4nHBLxc,PERFECT measurements for Tea For Two✌🏼!☕✨#shorts#tea#chai        #masalatea #tealover #chailover,"Jan 12, 2024",19,0:00:15,81.66,,1,0,15,0,696,2.4422,1,2447,7.03
WYt27OtiarM,✨Ganpati visarjan special recipe🥟Traditional PATOLI✨#shorts#visarjan#visarjan2024#food#youtubeshorts,"Sep 17, 2024",51,0:00:16,33.08,,0,0,13,0,499,2.3253,0,1049,2.48
0hqM-9CuCBI,Wholesome Jowar Elegance with Buttermilk Magic✨#shorts #jowar #recipe #healthylifestyle,"Jan 13, 2024",25,0:00:17,68.73,,1,1,18,0,560,2.4173,0,2354,5.4
YBv19-tzVp8,This will Control Diabetes ✨#shorts #bloodsugar #controldiabetes #solution,"Jul 19, 2024",57,0:00:25,44.81,,1,0,13,0,492,3.4772,1,1780,2.58
ZYeMsN2ulNk,This Song is such a VIBE😌🎧🎶#shorts #marathi #song #fyp #sandwich #trending#food,"Mar 16, 2024",41,0:00:36,89.56,,2,0,15,0,537,5.1835,2,2013,1.39
9UCwrgLrBcA,✨Easy Mawa Modak♥️#food #ganeshchaturthi #2024 #modak #colourfulmodak #shortsfeed,"Sep 5, 2024",54,0:00:22,40.93,,2,0,24,0,489,2.9959,2,1132,1.24
8NuAmU1gAYg,pineapple Kesari bhat🍍#shorts #kesaribath #halwa #ananas #food#fyppineapple,"Jul 14, 2024",56,0:00:17,31.79,,5,0,17,0,489,2.3725,5,896,0.78
yoqJicCUtwI,💚Navratri Day 2💚 #shubharambh#navratrispecial #navdurga #shorts #matarani #sugar#prasad,"Oct 4, 2024",39,0:00:15,39.05,,1,0,12,0,476,1.9738,1,1842,1.41
YrpycRevRs0,Easy Coconut drink✨🌼#easyrecipe #healthierecipes24 #food #recipe #shorts #ytshorts,"Sep 30, 2024",27,0:00:14,53.46,,2,0,13,0,471,1.8808,2,1832,1.15
eXZopxYn-3k,chilli garlic gobi #healthierecipes24 #trending  #shorts,"Apr 14, 2025",59,0:00:20,34.45,,0,0,12,0,1417,3.067,0,1275,1.25
VQYcC9G2X-c,Akshay Kumar eats this#akshaykumar #foodvlog shorts #shorts #shortsviralBeetroot,"Jul 2, 2024",34,0:00:18,53.3,,2,0,18,0,491,2.397,2,602,3.99
YcxVgPuo6Dw,These noodles taste too good🤤🍜#noodles#food#apdhillon #shorts #short,"Jul 20, 2024",43,0:00:16,38.73,,1,0,17,0,468,2.156,1,274,1.82
LjTcTyAS_XI,Sabudana Papad✨😁 #snacks #papad #foryou #shprts #thehicsong,"Apr 25, 2024",59,0:00:17,30.34,,0,0,12,0,469,2.3268,0,814,1.23
o-JBcQbnREk,LEFTOVER Daal sabji#foodvlog #leftoverdalrecipe #fypシ #tamil #palak #healthierecipes24,"Jun 1, 2024",37,0:00:12,34.91,,0,0,8,0,453,1.6139,0,568,1.41
hsh_I6Trmgo,Homemade GHEE✨#gheeathome#timelapse#shorts#shortsfeed,"Jun 23, 2024",45,0:00:15,33.97,,0,0,8,0,452,1.9064,0,609,1.48
IfpzCiWASZg,Raw mango sabji in 5mins✨😉 #healthierecipes24 #rawmango,"Apr 17, 2025",41,0:00:16,41.31,,1,0,11,2,1466,2.6692,1,895,2.12
aROGs0sBpTg,How to make homemade Papad✨#food #foryou #foodvlog #shorts,"Apr 24, 2024",57,0:00:19,34.83,,2,0,12,0,447,2.4598,2,171,0.58
daLRY4d71oI,The Healthiest Modaks #shorts #ytshorts #ganpati,"Sep 10, 2024",45,0:00:22,49.47,,1,0,19,1,456,2.8081,1,513,1.36
mZ7gxfzVIIk,Back to normal ✌🏻😌#healthierecipes24 #dalroti #backtonormal #shorts #shortsyoutube,"Oct 14, 2024",54,0:00:19,36.33,,0,0,11,0,452,2.4498,0,483,1.86
D5phLqPeM1w,Navratri day 9#jubinnautiyal#navratrispecial #shorts #shortsfeed,"Oct 12, 2024",39,0:00:16,41.93,,2,0,13,0,453,2.0489,2,632,3.48
12RKrY3SY1A,I carved a Pumpkin 💁🏻‍♀️#halloween #halloween2024 #halloweendecor #shortsvideo  #shorts 🎃🔥,"Oct 31, 2024",48,0:00:21,44.85,,2,0,20,0,473,2.7612,2,1271,0.39
2Jc_c5-5Ick,Favourite Street food😋🔥#streetfood #fypシ #shorts #shortsfeedPav bhajifood blogger,"May 10, 2024",57,0:00:19,34.85,,1,1,18,0,454,2.5001,0,189,2.12
DwADFGDam6w,M&M Thandai✨😋🔥💚#shortsyt #shorts #food #summerspecialdrink,"Apr 13, 2024",41,0:00:12,31.51,,1,0,9,0,439,1.5752,1,324,0.31
uqVqP_OM5kg,Little Millet Upma ✨ #littlemillet #vrat #breakfast #fyp #fypシ,"Mar 17, 2024",48,0:00:30,64.05,,1,1,11,1,464,3.888,0,1843,3.15
vw8ezyW8G8A,Aam panna😋✨🥭#aampanna #foryou#foodvlog#fypシ #shortsfeed #fypage#pushpa2 #newsongmanho pann recipe,"May 5, 2024",29,0:00:15,53.89,,1,1,13,0,447,1.9174,0,498,0.8
aeTSD8dXEGg,Navratri Day 8✨🌼#navratrifood #short #mahagauri,"Oct 11, 2024",55,0:00:13,25.14,,0,0,6,0,445,1.709,0,437,2.06
ZFdJ8Jw7vnY,Smootthieee#shorts #shortsshorts #short drinks Mango Smoothie Milkshake,"May 14, 2024",20,0:00:12,61.15,,1,0,16,0,438,1.4849,1,266,0.75
UK98T-S3WWQ,Ram Navami'24 #ramnavami #thali #prasad #fyp#shortsshorts,"Apr 17, 2024",42,0:00:14,34.45,,0,0,15,1,440,1.7508,0,297,3.37
gEGwGvJgn1c,"July 17, 2024","Jul 17, 2024",60,0:00:22,38.22,,0,0,14,0,431,2.7393,0,233,2.15
WwZ_Rn5evRQ,This curry recipe is mindblowing✨🤌🏻 #shorts #foryou #newsong #curry,"Apr 26, 2024",58,0:00:18,32.67,,0,0,16,0,438,2.3011,0,169,2.37
DPJWhsCJ2EY,✨Shubh Dusshera✨#dusshera #shorts #gulabjamun #shortsfeed #happydussehra,"Oct 12, 2024",60,0:00:24,40.31,,1,0,7,0,434,2.9024,1,397,2.27
8QS-UKwHVWc,Kangana's favourite food ✨🍛#kanganaranaut #food #shorts #shortsvideo,"Dec 1, 2024",61,0:00:32,54.03,,1,0,15,0,620,4.1199,1,4289,2.89
CeHqDaIpZ0A,💠Day 7 of Navratri💠#shorts #halwa#jaggery#healthierecipes24,"Oct 9, 2024",60,0:00:22,38.09,,2,0,11,0,427,2.7052,2,542,1.66
zYi3TDVvYIc,✨Bisi Bele Bath😌🌼♥️#shorts #bisibelebathrecipe#ytshorts #food #cooking #favorite,"Oct 13, 2024",44,0:00:11,25.59,,1,0,7,0,430,1.3393,1,610,3.61
5rYUVZd_Wwk,🥥Coconut Idli|instant idli|Breakfast#shorts #shortsfeed #food #foodvlog #recipe,"Jun 18, 2024",58,0:00:19,34,,1,0,8,0,441,2.4006,1,354,1.41
qA_cwq4AO9k,✨Lemon Coriander Soup🥣 #lemoncoriandersoup #shorts #winterspecial #winter #winterrecipe,"Dec 6, 2024",58,0:00:15,27.57,,2,0,9,1,439,1.8872,2,4226,1.18
xIz8hYlW6dw,What's your favourite evening snack? Comment down✨⬇️ #eveningsnacks #healthierecipes24 #shorts,"Jan 20, 2025",43,0:00:16,38.31,,1,0,8,0,435,1.9571,1,963,1.77
OZJhbPnsTzA,🥔AALU Raita✨🔥#potato #raita #tengetenge #viral #food #fyp,"Mar 23, 2024",34,0:00:14,41.9,,2,1,9,0,433,1.7099,1,210,1.43
gApDpNizEHA,💚🥬🥰🥗 #shorts,"Mar 22, 2024",57,0:00:14,25.75,,0,0,12,0,411,1.6719,0,141,4.26
6OTNcp4SIq0,Poha✨😋#breakfast#shorts#foodvlog#easyrecipes#fyp cravings and calories new videopizzpizzapa,"Apr 27, 2024",53,0:00:20,37.76,,2,0,6,0,418,2.3039,2,265,0.38
GnkFyvlMlns,Jai Siya Ram#healthierecipes24 #ramnavami #prasad,"Apr 6, 2025",37,0:00:20,55.08,,1,1,21,0,1134,2.6651,0,1790,4.02
ZIHNdpDH9wA,Coconut idli/Easy Instant Idli recipe/poha idli,"Jun 18, 2024",102,0:00:47,46.59,,2,0,5,3,428,5.6504,2,7929,5.06
mXBILQm6opU,5mins Besan recipe to eat with roti#youtubeshorts#5minsrecipe#besan#yummy#raita#shorts,"Dec 19, 2023",47,0:00:24,51.38,,1,0,16,0,431,2.8721,1,801,3.75
0leNkdnncwU,🌼✨Day 5 of Navratri 🌼#shorts #skandamata #banana #navratri,"Oct 7, 2024",35,0:00:15,45.21,,1,0,11,0,439,1.7615,1,955,4.71
_Rpwhy73OsI,Aloo Paratha😋🔥✨#alooparatha #shorts #food #alooparatharecipe,"Jan 23, 2024",29,0:00:15,54.06,,3,1,13,0,395,1.7165,2,224,1.34
kKuaIw2juUc,Quickest Dosa Ever #healthierecipes24 #quickrecipe #healthyfood,"May 19, 2025",39,0:00:22,57.01,,3,0,8,2,1209,2.735,3,679,1.33
9fVPwBptB2o,Quick snack from MH & KA#healthierecipes24 #food #chirote #shorts,"Sep 2, 2025",60,0:00:23,39.03,,3,0,13,0,2052,3.3084,3,501,2.59
5mHOYYtlDms,purple cabbage Chutney#healthierecipes24 #food #recipe #shorts,"May 17, 2025",28,0:00:13,47.43,,1,0,9,0,1540,1.9928,1,1251,2
BN_49PtMn3c,What do you call this sabji??comment down below⬇️ Kitchen tips#shorts #food #kitchentips,"Jun 15, 2024",30,0:00:11,38.06,,0,0,11,1,387,1.1958,0,798,1.13
8q5OHDGgLs8,PART 1| Easy and simple potato#potato#sabji#aloo#easyrecipe#viral#youtubeshorts#shorts#trending,"Jan 6, 2024",27,0:00:15,58.19,,1,0,12,0,375,1.6367,1,197,2.54
ttZ0DEiT6Y8,DHABEWALA Gajar ka Achar#pickle#carrotrecipe #youtubeshorts #gajarkaachar #shorts#viral,"Dec 26, 2023",23,0:00:16,71.48,,2,0,16,0,392,1.7463,2,9935,1.34
CRe5o7nO8co,When DOSA is love ❤️✨ #dosa #shorts #homemade #food #youtubeshorts,"Feb 21, 2024",10,0:00:07,72.74,,1,0,6,0,363,0.7334,1,166,2.41
J9OeO3AMQQM,TIME PASS Sandwich|Green Chutney 🥪 in 5mins#shorts #greenchutney #spicy #trending,"Jan 20, 2024",33,0:00:16,50.07,,1,0,8,0,359,1.6438,1,305,1.97
hh0qPh8qAnc,zunka bhakri✨🔥 #jowarkiroti #bhakri #pithla #zunka #shorts #shortsviral,"Jun 27, 2024",51,0:00:24,48.94,,1,0,12,0,425,2.7036,1,1037,0.96
h8V5qUKMkGc,Healthy Pearl Millet roti #healthierecipes24 #bajraroti #food #millets,"Feb 24, 2025",371,0:01:03,17.05,,2,0,6,0,383,6.7279,2,6876,4.38
AmixU2vWeqs,2 recipes in 50secs✨✌🏻 #healthierecipes24 #ridgeguard #food #60seconds,"May 26, 2025",51,0:00:17,34.23,,0,0,9,0,1097,2.0465,0,673,1.78
o7QeH52kNTU,Mind-blowing bhindi#healthierecipes24 #shorts #recipe,"May 30, 2025",51,0:00:34,67.84,,3,0,10,0,1135,3.5927,3,631,1.43
uguCghUcjAI,✨Homemade Paneer Bhurji✨#healthierecipes24 #homemade #paneer #paneerbhurji #shorts #food,"Oct 26, 2025",55,0:00:14,26.71,,0,0,12,0,2204,2.1278,0,553,1.99
N5_aFKWvp5A,Crispy Shepu leaves(Suva/Dill) recipe#fritters#shortsfeed#shorts#youtubeshorts#chanadal#dill,"Dec 25, 2023",47,0:00:29,63.22,,2,0,19,0,379,2.963,2,4846,4.23
UqszpxBs2cg,Qucik Kidney beans#healthierecipes24 #rajma #rajmarecipe #shorts #food,"May 21, 2025",37,0:00:15,42.46,,2,0,9,0,1431,1.8622,2,784,0.64
PSwa1tIqwNQ,😍Super Refreshing! #shorts #moolirecipe #radish #health,"Jan 17, 2024",25,0:00:17,68.41,,1,0,10,0,336,1.5555,1,1602,1.69
Ffb-SqYUf5A,🤯🙅‍♀️DON'T SKIP This Recipe✨ #shorts #herbs #creamy #leftoverricerecipe #yummy,"Feb 7, 2024",48,0:00:15,31.98,,0,0,9,0,317,1.3475,0,636,2.52
uccogw6Xr8s,Quickest Carrot Salad#carrotrecipe #shorts#youtubeshorts #carrotsalad #easyrecipe,"Jan 2, 2024",24,0:00:15,65.2,,2,0,8,0,321,1.3792,2,442,2.26
lJjFYh4IOUo,Actor Ananya Pandey loves Gajar ka Halwa!#ananyapandey #shorts #ytshorts #gajarkahalwa,"Sep 25, 2024",57,0:00:19,33.63,,2,0,13,0,349,1.7147,2,3107,4.86
Lg2Hvk6wIV4,Muddi Palya/Dal Methi sabji Recipe #methi #toordal#northkarnatakarecipe#youtubeshorts#easyrecipe,"Jan 4, 2024",41,0:00:20,50.21,,0,0,6,0,336,1.7865,0,2482,1.41
Qck6cSpBKQ0,Would You try this dessert?#healthierecipes24 #weddingseason #food #dessert #shorts,"Dec 29, 2024",60,0:00:24,40.67,,0,0,8,0,305,2.0164,0,1396,1.58
_HJIFKj_8pA,Dahi wada ki story #healthierecipes24 #history #food,"Apr 8, 2025",51,0:00:22,44.67,,1,0,8,1,929,2.1104,1,643,2.02
kjEY95l2Y5E,Karela seeds Chutney#shorts #seeds #northkarnataka #chutney,"Jan 18, 2024",34,0:00:14,42.46,,0,0,9,0,295,1.1546,0,2770,1.41
WTkxBrD_PgY,🍰HOMEMADE RAVA Cake #semolina#cake#suji#rava#happynewyear#trending#viral#shorts#youtubeshorts,"Jan 1, 2024",41,0:00:15,36.74,,0,0,8,0,274,1.139,0,1849,1.57
MngF1siJKrE,🍰COMFORT CAKE(viral recipe)#shorts #bananacake #jaggery #homemadecake,"Jan 19, 2024",44,0:00:20,47.68,,2,1,8,0,256,1.4819,1,1850,0.65
7USnGm45vrM,Dhoni's love for Chai✨🔥☕#chai #tea #shorts #msdhoni #cricket,"Jun 26, 2024",37,0:00:14,38.54,,0,0,9,0,280,0.9992,0,1497,3.01
rec52epAPow,#bhindi  #shorts #crunchy #youtubeshorts #ytshorts #aloofry,"Jan 28, 2024",26,0:00:18,72.2,,1,0,7,0,251,1.3045,1,9100,1.07
2su0PRB5N7E,PART 2| Easy and Simple Potato✨ Quickest Sabji#shorts #potato#chops #trending,"Jan 11, 2024",20,0:00:17,85.32,,0,0,8,0,252,1.122,0,2268,1.01
0UiWvnAL0V4,Maharashtra Famous Shankarpali#healthierecipes24 #shankarpali #easy#recipe #shorts,"Sep 3, 2025",45,0:00:19,43.87,,1,0,13,1,1420,1.7506,1,1027,0.97
Bl5okTns-no,☁️CHOCOLATE CLOUDS🌨️✨#dessert #budgetfriendly #dessert #shorts #viral,"Jan 25, 2024",26,0:00:14,56.59,,0,0,7,0,241,0.9612,0,1222,1.23
AhpUBfo-b34,🥵Arrabbiata✨🔥#vibing #pasta #redsaucepasta #madisonbeer #fyp #fypシ #fypシ゚viral,"Mar 28, 2024",38,0:00:13,34.7,,0,0,11,0,228,0.8296,0,405,0.99
UiIVMQLtcHk,Amla Murabba🧡#gooseberry#amla#shorts#youtubeshorts#viral#ytshorts#trending#shortsfeed,"Dec 21, 2023",37,0:00:19,52.94,,1,0,13,0,238,1.2844,1,733,0.82
ojB7TZMIpyE,Leftover Roti Frankie🌯 #wrap#frankie#leftoverrotirecipe#youtubeshorts#viral#trending#viral#food,"Jan 7, 2024",34,0:00:14,41.55,,0,0,11,0,223,0.8751,0,233,1.72
fqqEUKsPepg,QUICK Breakfast for Busy Days | SUSLA | Puffed Rice Upma | ಮಂಡಕ್ಕಿ ಸುಸ್ಲ | Mandakki Susla #youtube,"Feb 20, 2024",117,0:00:38,32.99,,0,0,2,0,233,2.4981,0,11048,1.8
cn17WtOz1bs,Gajar Ka Halwa#carrothalwa#gajarkahalwa#trending#cashew#youtubeshorts#viral#shorts#carrotrecipe,"Dec 31, 2023",28,0:00:18,65.04,,2,1,8,0,225,1.1288,1,498,1.81
l2ugLOMA80I,Kosambari! #healthierecipes24 #kosambari #salad #recipe #instant,"May 22, 2025",40,0:00:23,57.58,,0,0,9,1,605,1.5415,0,3721,2.18
_pXQzSwLN9A,SpiCy Chilli Maggi#maggi#chilli#garlic#foodie#love#maggie#ytshorts#shorts#viralshorts#indianfood,"Dec 26, 2023",41,0:00:21,53.45,,1,0,14,0,216,1.3149,1,550,3.82
1QIthk9KAg0,Stuffed Baingan✨🤤🔥#shorts #eggplant #brinjal  #homemade #india,"Jan 21, 2024",43,0:00:21,49.53,,0,0,7,0,216,1.2728,0,3036,1.25
Mr_CTY2E96g,Mix Veggie Paradise🥗✨💙#shorts #vegetablesalad  #vegetableraita #healthyfood,"Jan 28, 2024",25,0:00:10,42.4,,1,0,6,0,208,0.6103,1,249,0
sjSDSTT3jGA,just an evening snack #healthierecipes24 #garlicbread #noodles #pizza,"Jun 5, 2025",12,0:00:10,84.46,,0,0,9,0,953,0.8812,0,1090,4.31
YJXU-HUbQZA,ANOKHA Salad✨ #shorts #food #viral #10second #homemade,"Jan 29, 2024",16,0:00:10,70.91,,1,0,7,0,206,0.6029,1,162,0.62
5EKjTEWkp3w,Homemade IMMUNITY BOOSTER #immunitybooster #sadhguru #homemaderecipe #shorts,"Nov 30, 2024",50,0:00:37,75.7,,0,0,8,0,252,2.2288,0,3362,2.05
SoodEE_wbhg,Craving for fried food 🍟✨#shorts #youtubeshorts #cravings #friedfood,"Sep 14, 2024",27,0:00:13,48.49,,0,0,7,0,215,0.7039,0,1592,3.39
f_Vt7ASQnOA,Sabu khichdi✨☘️#shorts #viral #homemade #sabudana #sankashti #sabudanakhichdi,"Jan 29, 2024",48,0:00:24,50.09,,2,0,6,1,199,1.3031,2,515,1.17
HrO_BRzP2TY,Entire Prasad Thali#shorts#ytshorts,"Sep 13, 2024",56,0:00:18,33.9,,0,0,9,0,214,1.0006,0,3558,3.01
Pqo8_Xj9YKs,Panipuri | Satisfying Street Food Vibes♥️😋✨#shorts,"Aug 23, 2024",60,0:00:23,39.44,,0,0,11,0,187,1.2235,0,361,1.66
KUHw2Bp4ang,Desi Spicy Besan PITHLA - A Taste of Home in Every Spoonful!🌶️🍲✨#besan#sabji#shorts  #viral,"Jan 9, 2024",27,0:00:20,75.47,,1,0,5,0,189,1.033,1,1352,2.37
KnXCe7vwVVU,How to make Bread bajji#breadpakoda #youtubeshorts#shorts#viral,"Dec 22, 2023",40,0:00:20,50.14,,0,0,8,0,184,1.0199,0,1031,1.65
o6GotRt9u0Y,Extra crispy bhajji✨#healthierecipes24  #cauliflower #crisp #food #bhajji,"Apr 6, 2025",58,0:00:31,54.99,,1,0,7,1,491,1.5866,1,813,1.6
4yhzbmrw2dE,Only 4 spoons ghee Besan laddu ✨🔥#shortsvideo #shortsfeed #shorts #laddu #noghee #easyrecipe,"Aug 26, 2024",57,0:00:26,46.52,,0,0,10,0,172,1.253,0,2618,1.3
kVOrthjafpo,Masala Upma/Vegetable upma #youtubeshorts#shorts#masalaupma#vegetableupma,"Jan 3, 2024",28,0:00:16,60.27,,0,0,8,0,177,0.8168,0,929,1.94
meb5R-dLcBI,Banana+mint Smoothie😋✨ #healthierecipes24 #shorts #foodvlog,"Apr 30, 2024",30,0:00:14,49.93,,0,0,7,0,166,0.6663,0,359,3.06
debfs6X1uN4,Ratha Saptami Pooja🌞💙#rathasaptami #homemade #ritual #happiness #festival #colourful,"Feb 17, 2024",25,0:00:15,61.83,,1,0,10,0,209,0.7314,1,6214,0.63
2-C1ilNiGLg,🪔Diwali Faral Thali ✨🪔🙏,"Oct 31, 2024",57,0:00:29,51.12,,2,0,7,1,255,1.3985,2,3806,2.6
5yZ7UXsl_A4,Immunity laddo #healthierecipes24 #hanumanjayanti,"Apr 11, 2025",286,0:00:43,15.23,,1,0,7,0,161,1.9477,1,9717,1.26
YupRiXZ3c_k,Tapioca pudding✨🌸#tapioca #sabudanakheer  #vratkakhana   #shorts #shortsfeed,"Jan 30, 2024",34,0:00:15,45.36,,1,0,5,0,151,0.6433,1,528,1.14
IkxXEbEW61o,(Leftover)Roti Poha #leftoverrotirecipe  #shorts#youtubeshorts #viral#trending,"Dec 23, 2023",34,0:00:20,60.29,,1,0,11,0,166,0.9399,1,937,3.42
fZtiDuwvECA,Vegetable Saagu|South Indian Special|Mix Veg Gravy #healthierecipes24 #vegetablesaagu#saagu#ytvideo ,"Dec 22, 2025",190,0:00:46,24.72,,1,0,4,0,182,2.3746,1,3822,3.79
ike60KTPRo0,Fresh Mango Milkshake 🥭✨#mango #milkshake#foodvlog#fyp#shorts #shortsvideo#shortsfeedunique skill,"May 2, 2024",34,0:00:14,41.46,,0,0,12,0,144,0.5639,0,185,2.16
mjgPCUNHN74,✨This roti doesn't need water✨ #healthierecipes24 #cucumberroti #recipe #shorts,"Nov 25, 2025",58,0:00:18,32.09,,2,0,9,1,905,1.1322,2,513,3.12
gF83iBVp9Ck,Kokum/Amsol Saar Must try!🧡#kokum#saar#shortsvideo#youtubeshorts#trendingshorts#viral#shortsvideo,"Dec 19, 2023",26,0:00:15,59.36,,0,0,10,0,211,0.6896,0,2691,2.3
mItp2fhG2v8,I Made Instant Peda for Ganesh Chaturthi! #shorts #ytshorts #ganpati #modak #modakrecipe #mawa,"Sep 12, 2024",39,0:00:19,49.66,,1,0,10,0,177,0.865,1,5074,1.14
5oL8g2OJKMk,EASY DAL GAJAR |Healthy & Flavorful Sabji Recipe!🌱🥕✨#shorts #carrotrecipe #carrot,"Jan 8, 2024",22,0:00:13,61.48,,1,0,3,0,146,0.5049,1,1129,2.3
tMsnAwvRDfI,SESAME Surprise✨!#shorts #viral #homemade #traditionalfood,"Jan 15, 2024",46,0:00:22,48.39,,0,0,7,0,150,0.8756,0,3968,1.03
UvjPWPkRg44,💛Dosakaya/Yellow cucumber sabji Must Try!#cucumber#trending#youtubeshorts,"Dec 18, 2023",58,0:00:19,33.11,,1,0,11,0,168,0.855,1,876,3.77
UnXWp_GkeRM,SIMPLE Fruit chaat recipe🤩❤️✨#shorts #fruitsalad #fitness #fit #viral #healthy #fruitchaat,"Feb 16, 2024",34,0:00:11,35.07,,0,0,6,0,136,0.4474,0,480,1.04
nXZijtuO_8c,Instant Sweet potato Recipe|easy#recipe#food #shorts #breakfast,"Nov 11, 2024",41,0:00:18,43.94,,1,0,7,0,134,0.661,1,1687,1.96
-3cdeJ9H6rU,Pav Bhaji pulav!? #tawapulao#youtube#shorts#leftoverricerecipe#ytshorts,"Dec 22, 2023",41,0:00:20,50.27,,0,0,16,1,149,0.848,0,441,2.95
QlVueEO7D1I,SabuVada!#sabudanavada#youtubeshorts#food#shortsvideo#viralshorts#trending#viral#india#tasty,"Dec 17, 2023",56,0:00:25,45.34,,1,0,13,0,145,1.0159,1,366,4.64
IHZJk661xj4,Rava Dosa😁#suji #fypviral #shorts #shortsfeed #foodvlog #foodievlog #viral,"Apr 19, 2024",50,0:00:18,37.4,,0,0,6,0,121,0.6238,0,247,1.21
C9dhKOxGKIg,Sabji Saga: Bite1 -  Healthy Radish#healthierecipes24 #radish #sabji #sabjisaga #shorts,"Feb 8, 2025",55,0:00:21,39.44,,0,0,4,0,138,0.7633,0,1610,1.8
Y3c0ipj9-qM,Instant Mix Flour Dosa#mix#flour#dosa#dosabatter#instantdosa#shorts#viral#youtubeshorts,"Dec 29, 2023",43,0:00:22,53.22,,1,0,5,0,121,0.7518,1,341,2.35
jnJZWxSY0UI,Yumm Maharashtrian masale bhat#simple #masala#rice#shorts#trending#viral#food#masalebhat#quickdinner,"Dec 28, 2023",37,0:00:17,48.38,,0,0,6,0,116,0.5675,0,4077,0.78
m-KWgMRlasI,Trust God's timing✨ #healthierecipes24 #trust #faith #godsplan #shortsviral #love,"Mar 30, 2025",14,0:00:16,115.08,,1,0,8,1,182,0.5396,1,475,1.68
cNUBopm0AOg,Corn recipes #sweet#corn#youtubeshorts#viral#trending#shorts#cornrecipe#easyrecipe,"Dec 30, 2023",29,0:00:15,54.26,,0,0,8,0,121,0.5247,0,281,1.78
kMV_stpEp-4,Flavours of India in every layer✨🇮🇳#tricolorsalad #republicday #healthierecipes24 #shorts,"Jan 26, 2025",156,0:00:16,10.81,,0,0,5,0,115,0.5216,0,842,0.71
xOWiat11qOw,Alia Bhat's Favourite dessert✨ #healthierecipes24 #nooven #recipe #shortsfeed,"May 31, 2025",60,0:00:23,39.88,,0,0,8,1,543,0.9571,0,776,1.68
wBH3Oo6t1Wc,Chawal KHEER🤤✨#shorts #kheer #food #ricekheer #homemade #ytshorts #creamy #피아노 #음악 #piano,"Feb 13, 2024",57,0:00:21,38.4,,0,0,9,0,113,0.6754,0,260,1.15
i9eQD2EJaIM,"🥰Til, Gud Ghya Ni God God Bola✨#haldikumkum #healthierecipes24 #viralvideo","Jan 23, 2025",52,0:00:17,33.14,,0,0,6,0,123,0.5487,0,886,0.9
LhXDJ_uym38,Tricolour Poha Recipe|Republic day special|Easy Tricolour recipes#republicday#tricolourpoha,"Jan 24, 2025",217,0:00:50,23.21,,1,0,4,0,117,1.6367,1,2553,3.6
EF8FqYjiKFA,The quickest Sabji ever #healthierecipes24 #recipe #shorts #sabji,"Sep 11, 2025",51,0:00:22,44.07,,0,0,9,0,408,0.8017,0,791,2.02
bZLPY3GGh_U,🤯Masala Chaas with no masala✨#buttermilk #ytshorts #food #healthierecipes24 #fyp #herway #music,"Apr 1, 2024",54,0:00:18,34.65,,0,0,8,0,107,0.5561,0,305,2.3
KKVg2J0tnQs,Easy Papad Making recipe|Step by Step|Easy and Crispy(homemade papad|easy papad recipe),"Apr 23, 2024",251,0:00:53,21.39,,2,0,1,0,113,1.6852,2,2320,4.44
NtEJCjkKBbw,"Sabji saga: Bite 4 ""Easy peasy Potato#healthierecipes24 #sabjisaga #shortsvideo","Feb 19, 2025",42,0:00:20,51.08,,0,0,8,0,127,0.6397,0,859,2.68
69jK7UGqIbc,Karnataka special Rotti #healthierecipes24 #recipe #akkirotti #shorts,"Apr 25, 2025",58,0:00:29,50.2,,2,0,7,0,423,1.0366,2,1772,1.86
hStGHJGndgE,Ugadi Traditional recipe ✨🥭#ugadi#gudipadwa #happynewyear #shorts #shortsyt #fyp #fypyoutube,"Apr 9, 2024",51,0:00:22,43.36,,0,0,12,0,118,0.6478,0,1380,1.16
UUpwQII73Ko,Pachak Lemon Pickle #healthierecipes24 #achaarrecipe #pachakam,"Apr 16, 2025",369,0:01:17,20.95,,1,0,5,0,106,2.2763,1,6361,1.35
rSwW5DtmY2U,Instant Chutney 🔥#food #chutney #cooking #viralvideo #shortsvideo #shortsfeed #shorts,"Nov 17, 2024",47,0:00:30,65.93,,0,0,4,0,117,0.8991,0,7887,0.27
gCBSCTTBN2s,🎃Jack-o'-lantern🎃#healthierecipes24 #food #halloween #jackolantern #pumpkin#shorts,"Oct 29, 2025",48,0:00:11,23.67,,1,0,8,0,603,0.5183,1,533,1.69
P5qHkjpc61g,✨PHOOL Gobi#shorts #gobi #cauliflower #recipe🥦,"Feb 1, 2024",47,0:00:18,38.4,,0,0,9,0,104,0.5214,0,1779,0.28
_0wnTAhaM0U,Indian street food: Pav Bhaji| Street food|Chaat #pavbhaji #healthierecipes24,"May 10, 2024",140,0:00:35,25.24,,0,0,0,0,98,0.9618,0,2020,4.7
2Z7N7-ai5HI,😋LIP SMACKING✨#misalpav  #shorts #viral #streetfood #india #trending,"Jan 9, 2024",52,0:00:16,32.69,,1,0,3,0,94,0.44,1,387,0.52
POLoXipA1Xs,Ragi Ambil! #summerdrink  #beattheheat #youtube,"Mar 15, 2024",97,0:00:33,34.87,,1,0,4,0,109,1.024,1,2474,3.07
gRSFIX20rNw,Saviyan maggi#healthierecipes24 #food #seviyanmaggi #maggi #shorts,"May 20, 2025",40,0:00:19,47.54,,0,0,5,0,428,0.6407,0,374,0.8
NBu_exusL-A,EASY KAJU CURRY ✨🤤🍛 #shorts #youtubeshorts #food #kajucurry,"Mar 1, 2024",57,0:00:20,35.56,,1,1,7,0,101,0.547,0,818,1.34
l5HjAqeFgqM,Mamma's Special #food #drumsticks #curry #youtubeshorts #fyp #foryou,"Mar 21, 2024",52,0:00:22,42.42,,0,0,9,1,95,0.5644,0,764,1.31
zld7ZGwllQY,Easy way to make Appam at home✨ #healthierecipes24  #appam #palappam #food #keralafood #recipe,"Feb 3, 2025",227,0:00:54,24.05,,0,0,5,0,95,1.4406,0,1544,4.99
p3t4_-G01VQ,Ganpati Bappa morya ✨🥰🙏🏻🌼 #ganeshchaturti2024 #ganeshchaturthi'24 #ganapatibappamorya #food #shorts,"Aug 31, 2024",21,0:00:11,53.44,,0,0,9,0,93,0.2817,0,570,2.46
OrRMlMqKaoU,Navratri Day 1 Prasad 🌼#navratri2024 #navratrispecial #food #ghee#shorts,"Oct 3, 2024",31,0:00:17,57.72,,0,0,5,0,111,0.4623,0,1908,2.31
u7xd9YyrKeg,Corn Roti/Makke Ki Roti#youtubeshorts #makkediroti #healthylifestyle,"Dec 16, 2023",35,0:00:17,50.28,,0,0,10,0,99,0.4839,0,159,3.77
3Fc8dw2Xs1Q,Homemade fat loss drink by Gym coach Nitesh✨#shorts#fatloss#fitness#heathylifestyle,"Jul 13, 2024",17,0:00:16,98.8,,0,0,8,1,121,0.4532,0,1209,2.89
fK9OhYDdkvA,Instant Palak paneer recipe #palakpaneer #sundayspecial #lazysunday #music,"Jul 28, 2024",60,0:00:36,61.33,,0,0,8,0,90,0.9199,0,2591,1.62
AuwEGrj8ot8,Childhood memories #recipe #recipe #food #healthierecipes24 #ragdapattice #streetfood #easyrecipe,"Aug 19, 2025",57,0:00:20,36.28,,1,0,9,0,301,0.5627,1,448,0.89
nCaRHi8y2l0,Wheat 🌾 Panjiri|Ram Navami Special|Traditional Sweet #ramnavami #traditionalsweets,"Apr 16, 2024",72,0:00:37,51.93,,0,0,2,2,89,0.9244,0,1171,5.38
WR6KPiF7QKY,Exotic twist: Spicy mango chutney 🌶️🔥✨#shorts #rawmango #foodvlog #healthierecipes24 #fyp #shorts,"Apr 19, 2024",24,0:00:12,52.39,,0,0,8,0,87,0.2906,0,295,1.02
MBlVujQh6J0,Easy Mawa Paratha #mawaparatha #recipe#tastyrecipes#shorts#ytshorts,"Apr 20, 2025",61,0:00:20,34.35,,0,0,5,0,265,0.5606,0,1020,2.45
ZdGSSEsNkUw,No Sugar Gulab jamun #healthierecipes24 #recipe #jaggery #gulabjamun #shorts,"Sep 12, 2025",56,0:00:29,51.84,,0,0,8,0,492,0.8203,0,984,2.24
9PMAOWLzrFs,onion mango chutney🌶🔥#shorts #food#chutneysouth indian onion chutney,"May 25, 2024",34,0:00:15,44.19,,0,0,7,0,91,0.3572,0,1125,1.07
Nc0Ta_aG2XY,Must Try this yummy Quick Amla Chutney #youtubeshorts #amlachutney #healthylifestyle,"Dec 16, 2023",44,0:00:22,50.38,,0,0,9,0,80,0.4926,0,103,1.94
XFcrYmQXLgA,Shubh Deepawali 🪔✨#healthierecipes24 #food #diwali #diwalispecial #diwali2025,"Oct 20, 2025",46,0:00:15,34.23,,0,0,10,0,800,0.5614,0,391,0.77
kMif2PUgn_Q,Banana Hearts🥰 #healthierecipes24 #recipe #fries #shorts,"Jun 4, 2025",50,0:00:24,48.11,,1,0,7,0,325,0.5768,1,702,2.56
z2L-1F-5ZxY,Maharashtrian bhaat?#healthierecipes24 #food #masalebhat #shorts,"Mar 6, 2025",95,0:00:35,37.38,,0,0,7,1,94,0.7765,0,442,3.85
FdzLuwA12aA,Tasty Quick and easy Sweet Potato snack!Must Try#sweetpotato#trending#healthylifestyle#youtubeshorts,"Dec 13, 2023",34,0:00:17,52.83,,0,0,11,0,106,0.5108,0,217,10.14
yFO_Myle85g,Sankranti Special| Complete Bhogi Thali Recipe|HealthieRecipes24#healthierecipes24 #sankranthi,"Jan 13, 2026",362,0:00:42,11.64,,0,0,2,1,71,0.8312,0,2206,2.81
oOWXoB6NQmA,Palak Roti|Green roti|Nutritious Healthy Easy meals! #spinach#paratha#healthyfood #fyp,"Mar 22, 2024",149,0:00:54,36.85,,0,0,2,0,72,1.0982,0,2427,2.47
Gy92qQt5xbQ,🎀Bow Snack ✨#healthierecipes24 #snacks #bowsnack #shorts #crispy #food,"Sep 8, 2025",49,0:00:18,37.77,,0,0,6,1,362,0.4864,0,530,2.26
XmkD3bzdtyA,"One Thali, All Vrat Recipes✨#healthierecipes24 #vratthali #vrat #upvasrecipe","Feb 27, 2025",591,0:01:40,16.99,,0,0,6,0,72,2.0076,0,2212,2.67
wODM_g2wBrA,Veg Korma thali✨🔥#korma #thali #puri #indianfood #fyp #shortsyt #viralnow #wecantbefriends,"Apr 2, 2024",58,0:00:20,35.89,,0,0,8,0,69,0.3831,0,414,1.21
yTvDfNFnx4E,Healthy Cluster Beans/Gavar beans! #shorts#clusterbeans           #food#viral#easyrecipe,"Jan 9, 2024",31,0:00:18,58.2,,0,0,4,0,80,0.3525,0,701,2.14
bWelf4VbNDA,THALIPEETH|Full Healthy Breakfast|Maharastra breakfast#thalipeeth#healthierecipes24thalipeeth recipe,"May 11, 2024",189,0:00:59,31.66,,1,0,2,0,69,1.1467,1,2931,2.01
XEgo_QNc-NY,Quick Yummy Amla Chutney#youtubeshorts #trending#amlachutney #amla,"Dec 16, 2023",38,0:00:15,40.32,,0,0,11,0,63,0.2681,0,146,4.79
X_9K3BcTQlQ,"May 2, 2025","May 2, 2025",6,0:00:12,204.61,,0,0,7,0,521,0.3444,0,302,0.99
s8W5VIuP_ps,Guilt free halwa!#healthierecipes24 #halwa #guiltfree,"Apr 19, 2025",58,0:00:23,40.74,,0,0,6,0,236,0.4781,0,847,2.48
KIDSLC3inak,Frankie🌯✨ #newsong #midnight #cravings #shorts #vairal,"Jul 21, 2024",58,0:00:14,25.54,,0,0,8,0,57,0.2269,0,440,2.5
MfZCqG0ZStc,Padwa celebration🏡✨♥️🥭 #festivevibes#rangoli #festivalfoods#aamras #shortsyt#indiandrillbeat,"Apr 10, 2024",49,0:00:24,50.48,,0,0,9,0,67,0.3943,0,1342,1.19
IWk9rwyRt4I,Prasad thali special|Festival thali #navami #jaishreeram #prasadthali #healthierecipes24viral video,"Apr 17, 2024",320,0:00:30,9.6,,0,0,3,0,60,0.5123,0,1130,4.34
lx8dRip74fg,Masala Okra|Easy Bhindi sabji in 2mins #okra #bhindirecipe #foodvlog #healthierecipes24bhendi fry,"May 1, 2024",100,0:00:45,45.68,,0,0,3,0,58,0.736,0,2276,2.2
BTavDx17KF0,💜Purple chutney💜 #food #healthierecipes24 #purplechutney #shorts,"May 15, 2025",28,0:00:14,52.56,,0,0,5,0,248,0.3021,0,637,1.41
PX429VLcPRM,aloo methi Pakodas ✨#healthierecipes24 #recipe #pakoda #fry #shorts #snacks,"Nov 27, 2025",59,0:02:26,248.96,,0,0,10,0,226,2.3481,0,469,2.77
BM2bdkY7oJA,Ragda Pattice|Chaat special Recipe #healthierecipes24#ragdapattice,"Apr 12, 2024",158,0:00:39,24.69,,0,0,2,0,52,0.5634,0,1682,2.32
xbRxRyfdiJk,"""Flavors of India in Every Layer!""#republicday #tricolorsalad #jaihind #shorts","Jan 25, 2025",29,0:01:15,260.96,,0,0,5,0,63,1.1576,0,896,1.34
7dTCjJUu6wU,🪔5 EASY Diwali Snacks recipes ✨,"Oct 13, 2025",287,0:00:44,15.64,,0,0,6,0,47,0.586,0,1210,2.73
3hbh2gcbyOk,Jaggery Halwa ✨ #healthierecipes24 #easyrecipe #food #goviral #shorts,"May 27, 2025",58,0:00:27,47.06,,0,0,7,1,110,0.3312,0,546,1.83
rpDswn0-uBQ,Ukadiche Modak✨😋🥰🌰#ganeshfried modaksteamed modak#shorts #food,"Jun 25, 2024",20,0:00:12,62.94,,0,0,6,0,52,0.1539,0,619,2.58
aPmUnl3dbPc,Secret Masala Khichdi recipe✨#healthierecipes24 #youtubevideo #recipe #masalamoongdalkhichdi,"Nov 15, 2025",228,0:00:30,13.22,,0,0,11,0,58,0.4857,0,952,2.42
Se8bkj-_wss,2 ways to cook Turai sabji and Chutney|Ridge gourd  #healthierecipes24 #ridgedgourd,"Mar 27, 2024",217,0:00:49,22.74,,0,0,2,0,39,0.5346,0,771,3.24
87AJ9XiB_7Q,9 Days 9 recipes | Navratri recipes #navratri #healthierecipes24 #9daysofnavratri ,"Sep 25, 2025",447,0:01:08,15.26,,1,0,3,0,47,0.8908,1,862,3.36
h_Jce2-xI_w,Kanda Bhajji✨🤤🔥 #kanda #bhajji #bajji #shorts #shortsfeed #foodvlogKanda bhajjifood vlogtea time,"Apr 29, 2024",57,0:00:20,35.42,,0,0,7,0,37,0.2026,0,216,1.39
d-M01eYymmM,Quickly try this Potato DUM Subji|Dum Aloo| Easy tips#shorts #dumaloo #recipe,"Oct 20, 2024",250,0:00:56,22.6,,0,0,3,0,36,0.5649,0,1635,1.77
N64YIyKrexg,Aamras🥰✨#healthierecipes24 #aamras #lifeisbutadream #food #recipe,"May 14, 2025",34,0:00:14,41.88,,1,0,5,0,208,0.1786,1,311,0.64
ZO1oeFuHw-k,Veg High protein meal by Viral Gym coach Nitesh#motivation #fitness #healthylifestyle #protein #fyp,"Jul 15, 2024",29,0:00:21,74.72,,1,1,5,0,35,0.2048,0,356,1.69
5OaFjFv8GEs,Rice paste kheer | Easy Dessert Ideas #kheerrecipe  #ricekheer,"Feb 13, 2024",93,0:00:40,43.63,,0,0,2,0,31,0.3494,0,772,2.72
qTeQMhQhZtw,Quick tikki chaat #healthierecipes24 #food #tikkichaat #alootikki #shortvideo,"May 23, 2025",38,0:00:28,73.71,,0,0,5,0,99,0.2409,0,598,0.84
hdFF9bJeLkQ,Quick Sprouts dosa| Pesarattu| Instant chutney #pesarattu #moongdalrecipe #dosa #foryou,"Apr 3, 2024",91,0:00:45,49.53,,0,0,1,0,26,0.3256,0,1032,2.23
lKHolP1l4FY,Crispy small Corn Lolipop#healthierecipes24 #babylollies #food #short #newyearrecipe #shorts,"Dec 15, 2025",51,0:00:24,47.82,,0,0,4,0,175,0.3578,0,532,2.07
BvlL7klnKn8,Kadhi recipe for beginners✨🤌🏻😋 #kadhi #easyrecipe #healthierecipes24 #foodvlog easy recipes,"Apr 25, 2024",92,0:00:45,49.37,,0,0,2,0,23,0.2902,0,1645,1.16
MhUBYnQKHPI,Easy Upma recipe ✨ #shorts #upma #easyrecipe #comfortfood #trending,"Feb 6, 2024",46,0:00:19,43.19,,0,0,4,0,26,0.138,0,759,0.66
9nQ9ia15IpQ,Muskmelon|Healthy Summer drink|Fresh Juice#fruit #muskmelon#seasonal#homemade,"Apr 6, 2024",63,0:00:28,45.71,,0,0,6,0,182,1.4557,0,497,2.62
7ZZgnbX6snA,Mixed flour roti✨💪🏻#breakfast#healthierecipes24 #viral#fypシ#shorts food vlog,"May 12, 2024",51,0:00:40,80,,0,0,8,0,25,0.2393,0,387,0.52
Z8iEhLHTXrA,✨Very First Vlog🪔Diwali Vlog ✨🪔#diwali #healthierecipes24 #diwalispecial #diwalivlog ,"Oct 20, 2025",339,0:01:08,20.26,,0,0,5,0,15,0.2861,0,408,1.47
sTKzL-_X6IE,Nature heals🌼😇 #healthierecipes24 #nature #earlymorning #bliss,"Apr 15, 2025",16,0:00:22,138.63,,0,0,5,0,42,0.0777,0,380,0.79
atxvysnEEDs,Easy Upma#healthierecipes24 #shorts #tomato #upama #breakfast,,45,0:00:31,70.49,,0,0,1,0,17,0.0804,0,5,0
aAtYJhP8gU4,Appeal to YouTube,,245,0:00:56,23.18,,0,0,0,0,6,0.0947,0,0,
QrfaYIp4r2s,Crisp Comfort Sandwish#healthierecipes24 #food #recipe #sandwich #comfortfood,,40,0:00:25,64.33,,0,0,1,0,5,0.0219,0,23,0
6OeaaAOahfg,Sev Tamatar sabji✨#healthierecipes24 #sevtamatarkisabji #recipe #shorts,,44,0:00:28,63.86,,0,0,1,0,21,0.0809,0,4,0
82qw_x2L-bo,"August 25, 2025",,33,0:00:19,59.39,,0,0,0,0,3,0.0109,0,6,0
kSbJ9gsdZnQ,Tadka Pan dosa#healthierecipes24 #food #shorts #tadkapandosa#dosa,,59,0:00:57,97.85,,0,0,1,0,25,0.1003,0,2,0
Mzgt4Eya9ps,"February 5, 2025",,95,0:00:07,8.37,,0,0,1,0,2,0.0044,0,3,0
Dmz63VI2YEo,"October 26, 2025",,66,0:00:14,22.58,,0,0,0,0,3,0.0094,0,20,5
g5YVTPBgQ2Y,Potato Crispy #healthierecipes24 #snacks #recipe #shorts #batatachivda,,58,0:00:13,22.54,,0,0,1,0,14,0.0279,0,4,0
GNelK8DT6Dw,Nutella Cheese Toast🌰#healthierecipes24 #food#shorts#nutella #nutellacheesetoast,,41,0:00:34,84.29,,0,0,1,0,18,0.0501,0,3,0
